source_file,clip_file,clip_index,duration,pothole,gps_data
input_videos\GRMN0954.MP4,output_clips\GRMN0954_clip_000.mp4,0,10.021333,False,"[{'timestamp': datetime.datetime(2025, 4, 19, 1, 56, 37), 'latitude': 41.7474262788892, 'longitude': -88.17819569259886}, {'timestamp': datetime.datetime(2025, 4, 19, 1, 56, 38), 'latitude': 41.7474306374788, 'longitude': -88.17788187414416}, {'timestamp': datetime.datetime(2025, 4, 19, 1, 56, 39), 'latitude': 41.7474318947643, 'longitude': -88.17757979035386}, {'timestamp': datetime.datetime(2025, 4, 19, 1, 56, 40), 'latitude': 41.7474339064211, 'longitude': -88.17726194858555}, {'timestamp': datetime.datetime(2025, 4, 19, 1, 56, 41), 'latitude': 41.7474370077252, 'longitude': -88.17695517092946}, {'timestamp': datetime.datetime(2025, 4, 19, 1, 56, 42), 'latitude': 41.7474406119436, 'longitude': -88.17664906382565}, {'timestamp': datetime.datetime(2025, 4, 19, 1, 56, 43), 'latitude': 41.7474453058094, 'longitude': -88.17635050043465}, {'timestamp': datetime.datetime(2025, 4, 19, 1, 56, 44), 'latitude': 41.7474487423897, 'longitude': -88.17604011856025}, {'timestamp': datetime.datetime(2025, 4, 19, 1, 56, 45), 'latitude': 41.7474513407797, 'longitude': -88.17573987878866}, {'timestamp': datetime.datetime(2025, 4, 19, 1, 56, 46), 'latitude': 41.7474536877126, 'longitude': -88.17542924545715}]"
input_videos\GRMN0954.MP4,output_clips\GRMN0954_clip_001.mp4,1,10.016333,False,"[{'timestamp': datetime.datetime(2025, 4, 19, 1, 56, 47), 'latitude': 41.7474577110261, 'longitude': -88.17513001151386}, {'timestamp': datetime.datetime(2025, 4, 19, 1, 56, 48), 'latitude': 41.7474622372538, 'longitude': -88.17482197657236}, {'timestamp': datetime.datetime(2025, 4, 19, 1, 56, 49), 'latitude': 41.7474666796625, 'longitude': -88.17452886141845}, {'timestamp': datetime.datetime(2025, 4, 19, 1, 56, 50), 'latitude': 41.747470702976, 'longitude': -88.1742292083855}, {'timestamp': datetime.datetime(2025, 4, 19, 1, 56, 51), 'latitude': 41.7474742233753, 'longitude': -88.17393911071126}, {'timestamp': datetime.datetime(2025, 4, 19, 1, 56, 52), 'latitude': 41.7474769055843, 'longitude': -88.17364985123285}, {'timestamp': datetime.datetime(2025, 4, 19, 1, 56, 53), 'latitude': 41.7474802583456, 'longitude': -88.17336251959254}, {'timestamp': datetime.datetime(2025, 4, 19, 1, 56, 54), 'latitude': 41.7474846169353, 'longitude': -88.17306278273466}, {'timestamp': datetime.datetime(2025, 4, 19, 1, 56, 55), 'latitude': 41.7474880535156, 'longitude': -88.17276472225795}, {'timestamp': datetime.datetime(2025, 4, 19, 1, 56, 56), 'latitude': 41.7474906519055, 'longitude': -88.17246967926626}]"
input_videos\GRMN0954.MP4,output_clips\GRMN0954_clip_002.mp4,2,10.011333,False,"[{'timestamp': datetime.datetime(2025, 4, 19, 1, 56, 57), 'latitude': 41.7474929150194, 'longitude': -88.17217203788465}, {'timestamp': datetime.datetime(2025, 4, 19, 1, 56, 58), 'latitude': 41.7474950943142, 'longitude': -88.17187070846565}, {'timestamp': datetime.datetime(2025, 4, 19, 1, 56, 59), 'latitude': 41.7474985308945, 'longitude': -88.17158614285296}, {'timestamp': datetime.datetime(2025, 4, 19, 1, 57), 'latitude': 41.747502554208, 'longitude': -88.17130266688766}, {'timestamp': datetime.datetime(2025, 4, 19, 1, 57, 1), 'latitude': 41.7475061584264, 'longitude': -88.17102757282565}, {'timestamp': datetime.datetime(2025, 4, 19, 1, 57, 2), 'latitude': 41.7475087568164, 'longitude': -88.17075314931576}, {'timestamp': datetime.datetime(2025, 4, 19, 1, 57, 3), 'latitude': 41.747510349378, 'longitude': -88.17048786208035}, {'timestamp': datetime.datetime(2025, 4, 19, 1, 57, 4), 'latitude': 41.7475115228444, 'longitude': -88.17022467032075}, {'timestamp': datetime.datetime(2025, 4, 19, 1, 57, 5), 'latitude': 41.7475138697773, 'longitude': -88.16997522488245}, {'timestamp': datetime.datetime(2025, 4, 19, 1, 57, 6), 'latitude': 41.747510433197, 'longitude': -88.16972242668274}]"
input_videos\GRMN0954.MP4,output_clips\GRMN0954_clip_003.mp4,3,10.028667,False,"[{'timestamp': datetime.datetime(2025, 4, 19, 1, 57, 7), 'latitude': 41.7475002072752, 'longitude': -88.16947599872955}, {'timestamp': datetime.datetime(2025, 4, 19, 1, 57, 8), 'latitude': 41.7474955972284, 'longitude': -88.16921238787475}, {'timestamp': datetime.datetime(2025, 4, 19, 1, 57, 9), 'latitude': 41.7474961839616, 'longitude': -88.16896336153155}, {'timestamp': datetime.datetime(2025, 4, 19, 1, 57, 10), 'latitude': 41.7474995367229, 'longitude': -88.16870964132255}, {'timestamp': datetime.datetime(2025, 4, 19, 1, 57, 11), 'latitude': 41.7475030571222, 'longitude': -88.16846841014925}, {'timestamp': datetime.datetime(2025, 4, 19, 1, 57, 12), 'latitude': 41.7475068289787, 'longitude': -88.16822885535665}, {'timestamp': datetime.datetime(2025, 4, 19, 1, 57, 13), 'latitude': 41.7475099302828, 'longitude': -88.16799801774324}, {'timestamp': datetime.datetime(2025, 4, 19, 1, 57, 14), 'latitude': 41.7475119419396, 'longitude': -88.16776684485384}, {'timestamp': datetime.datetime(2025, 4, 19, 1, 57, 15), 'latitude': 41.7475141212344, 'longitude': -88.16754707135264}, {'timestamp': datetime.datetime(2025, 4, 19, 1, 57, 16), 'latitude': 41.7475168872625, 'longitude': -88.16732402890923}]"
input_videos\GRMN0954.MP4,output_clips\GRMN0954_clip_004.mp4,4,10.023333,False,"[{'timestamp': datetime.datetime(2025, 4, 19, 1, 57, 17), 'latitude': 41.7475196532905, 'longitude': -88.16711246967324}, {'timestamp': datetime.datetime(2025, 4, 19, 1, 57, 18), 'latitude': 41.7475227545947, 'longitude': -88.16690149717034}, {'timestamp': datetime.datetime(2025, 4, 19, 1, 57, 19), 'latitude': 41.7475299630314, 'longitude': -88.16669303923854}, {'timestamp': datetime.datetime(2025, 4, 19, 1, 57, 20), 'latitude': 41.7475407756865, 'longitude': -88.16649287939073}, {'timestamp': datetime.datetime(2025, 4, 19, 1, 57, 21), 'latitude': 41.7475517559797, 'longitude': -88.16629515029494}, {'timestamp': datetime.datetime(2025, 4, 19, 1, 57, 22), 'latitude': 41.7475648317486, 'longitude': -88.16607696935534}, {'timestamp': datetime.datetime(2025, 4, 19, 1, 57, 23), 'latitude': 41.7475726269186, 'longitude': -88.16585602238774}, {'timestamp': datetime.datetime(2025, 4, 19, 1, 57, 24), 'latitude': 41.7475767340511, 'longitude': -88.16562920808794}, {'timestamp': datetime.datetime(2025, 4, 19, 1, 57, 25), 'latitude': 41.7475851997733, 'longitude': -88.16540507599714}, {'timestamp': datetime.datetime(2025, 4, 19, 1, 57, 26), 'latitude': 41.7475926596671, 'longitude': -88.16517080180354}]"
input_videos\GRMN0954.MP4,output_clips\GRMN0954_clip_005.mp4,5,10.01,False,"[{'timestamp': datetime.datetime(2025, 4, 19, 1, 57, 27), 'latitude': 41.7475967667997, 'longitude': -88.16495119594045}, {'timestamp': datetime.datetime(2025, 4, 19, 1, 57, 28), 'latitude': 41.7476008739322, 'longitude': -88.16472102887934}, {'timestamp': datetime.datetime(2025, 4, 19, 1, 57, 29), 'latitude': 41.7476033046842, 'longitude': -88.16449304111343}, {'timestamp': datetime.datetime(2025, 4, 19, 1, 57, 30), 'latitude': 41.7476067412645, 'longitude': -88.16424929536885}, {'timestamp': datetime.datetime(2025, 4, 19, 1, 57, 31), 'latitude': 41.7476110160351, 'longitude': -88.16400135867345}, {'timestamp': datetime.datetime(2025, 4, 19, 1, 57, 32), 'latitude': 41.7476162966341, 'longitude': -88.16373732872314}, {'timestamp': datetime.datetime(2025, 4, 19, 1, 57, 33), 'latitude': 41.747623924166, 'longitude': -88.16347212530675}, {'timestamp': datetime.datetime(2025, 4, 19, 1, 57, 34), 'latitude': 41.7476314678788, 'longitude': -88.16320373676724}, {'timestamp': datetime.datetime(2025, 4, 19, 1, 57, 34), 'latitude': 41.747637335211, 'longitude': -88.16296652890745}, {'timestamp': datetime.datetime(2025, 4, 19, 1, 57, 36), 'latitude': 41.7476438730955, 'longitude': -88.16269210539765}]"
input_videos\GRMN0955.MP4,output_clips\GRMN0955_clip_000.mp4,0,10.014333,False,"[{'timestamp': datetime.datetime(2025, 4, 19, 1, 57, 37), 'latitude': 41.7476489022374, 'longitude': -88.16244668327275}, {'timestamp': datetime.datetime(2025, 4, 19, 1, 57, 38), 'latitude': 41.7476533446461, 'longitude': -88.16218810155995}, {'timestamp': datetime.datetime(2025, 4, 19, 1, 57, 39), 'latitude': 41.7476567812264, 'longitude': -88.16194284707315}, {'timestamp': datetime.datetime(2025, 4, 19, 1, 57, 40), 'latitude': 41.7476613912731, 'longitude': -88.16168971359734}, {'timestamp': datetime.datetime(2025, 4, 19, 1, 57, 41), 'latitude': 41.7476671747863, 'longitude': -88.16144387237735}, {'timestamp': datetime.datetime(2025, 4, 19, 1, 57, 42), 'latitude': 41.7476729582995, 'longitude': -88.16119677387185}, {'timestamp': datetime.datetime(2025, 4, 19, 1, 57, 43), 'latitude': 41.7476777359843, 'longitude': -88.16096107475464}, {'timestamp': datetime.datetime(2025, 4, 19, 1, 57, 44), 'latitude': 41.7476816754788, 'longitude': -88.16071330569685}, {'timestamp': datetime.datetime(2025, 4, 19, 1, 57, 45), 'latitude': 41.7476859502494, 'longitude': -88.16047383472325}, {'timestamp': datetime.datetime(2025, 4, 19, 1, 57, 46), 'latitude': 41.7476889677346, 'longitude': -88.16021516919145}]"
input_videos\GRMN0955.MP4,output_clips\GRMN0955_clip_001.mp4,1,10.01,False,"[{'timestamp': datetime.datetime(2025, 4, 19, 1, 57, 47), 'latitude': 41.7476947512478, 'longitude': -88.15996203571565}, {'timestamp': datetime.datetime(2025, 4, 19, 1, 57, 48), 'latitude': 41.7477010376751, 'longitude': -88.15969708375634}, {'timestamp': datetime.datetime(2025, 4, 19, 1, 57, 49), 'latitude': 41.7477079946548, 'longitude': -88.15943229943515}, {'timestamp': datetime.datetime(2025, 4, 19, 1, 57, 50), 'latitude': 41.7477149516344, 'longitude': -88.15916483290495}, {'timestamp': datetime.datetime(2025, 4, 19, 1, 57, 51), 'latitude': 41.7477207351476, 'longitude': -88.15891723148525}, {'timestamp': datetime.datetime(2025, 4, 19, 1, 57, 52), 'latitude': 41.7477255128324, 'longitude': -88.15865596756345}, {'timestamp': datetime.datetime(2025, 4, 19, 1, 57, 53), 'latitude': 41.747729787603, 'longitude': -88.15840601921084}, {'timestamp': datetime.datetime(2025, 4, 19, 1, 57, 54), 'latitude': 41.7477342300117, 'longitude': -88.15815791487695}, {'timestamp': datetime.datetime(2025, 4, 19, 1, 57, 55), 'latitude': 41.7477384209633, 'longitude': -88.15791903063655}, {'timestamp': datetime.datetime(2025, 4, 19, 1, 57, 56), 'latitude': 41.7477434501052, 'longitude': -88.15767369233075}]"
input_videos\GRMN0955.MP4,output_clips\GRMN0955_clip_002.mp4,2,10.026667,False,"[{'timestamp': datetime.datetime(2025, 4, 19, 1, 57, 57), 'latitude': 41.7477491497993, 'longitude': -88.15743816085164}, {'timestamp': datetime.datetime(2025, 4, 19, 1, 57, 58), 'latitude': 41.7477545142174, 'longitude': -88.15720078535384}, {'timestamp': datetime.datetime(2025, 4, 19, 1, 57, 59), 'latitude': 41.7477583698928, 'longitude': -88.15698151476684}, {'timestamp': datetime.datetime(2025, 4, 19, 1, 58), 'latitude': 41.7477623093873, 'longitude': -88.15675704739994}, {'timestamp': datetime.datetime(2025, 4, 19, 1, 58, 1), 'latitude': 41.7477669194341, 'longitude': -88.15654146485033}, {'timestamp': datetime.datetime(2025, 4, 19, 1, 58, 2), 'latitude': 41.7477713618428, 'longitude': -88.15631733275954}, {'timestamp': datetime.datetime(2025, 4, 19, 1, 58, 3), 'latitude': 41.7477752175182, 'longitude': -88.15609345212584}, {'timestamp': datetime.datetime(2025, 4, 19, 1, 58, 4), 'latitude': 41.747779827565, 'longitude': -88.15585481934254}, {'timestamp': datetime.datetime(2025, 4, 19, 1, 58, 5), 'latitude': 41.7477858625352, 'longitude': -88.15561736002564}, {'timestamp': datetime.datetime(2025, 4, 19, 1, 58, 6), 'latitude': 41.747790472582, 'longitude': -88.15537621267144}]"
input_videos\GRMN0955.MP4,output_clips\GRMN0955_clip_003.mp4,3,10.021333,False,"[{'timestamp': datetime.datetime(2025, 4, 19, 1, 58, 7), 'latitude': 41.7477934062481, 'longitude': -88.15514663234354}, {'timestamp': datetime.datetime(2025, 4, 19, 1, 58, 8), 'latitude': 41.7477970942855, 'longitude': -88.15491034649314}, {'timestamp': datetime.datetime(2025, 4, 19, 1, 58, 9), 'latitude': 41.7478009499609, 'longitude': -88.15466894768184}, {'timestamp': datetime.datetime(2025, 4, 19, 1, 58, 10), 'latitude': 41.7478053085506, 'longitude': -88.15442637540444}, {'timestamp': datetime.datetime(2025, 4, 19, 1, 58, 11), 'latitude': 41.7478097509593, 'longitude': -88.15419528633365}, {'timestamp': datetime.datetime(2025, 4, 19, 1, 58, 12), 'latitude': 41.7478136066347, 'longitude': -88.15396067686385}, {'timestamp': datetime.datetime(2025, 4, 19, 1, 58, 13), 'latitude': 41.7478173784912, 'longitude': -88.15374014899135}, {'timestamp': datetime.datetime(2025, 4, 19, 1, 58, 14), 'latitude': 41.7478206474334, 'longitude': -88.15350763499744}, {'timestamp': datetime.datetime(2025, 4, 19, 1, 58, 15), 'latitude': 41.7478245869279, 'longitude': -88.15329188480975}, {'timestamp': datetime.datetime(2025, 4, 19, 1, 58, 16), 'latitude': 41.7478283587843, 'longitude': -88.15306381322443}]"
input_videos\GRMN0955.MP4,output_clips\GRMN0955_clip_004.mp4,4,10.017333,False,"[{'timestamp': datetime.datetime(2025, 4, 19, 1, 58, 17), 'latitude': 41.7478317953646, 'longitude': -88.15284320153341}, {'timestamp': datetime.datetime(2025, 4, 19, 1, 58, 18), 'latitude': 41.7478364054114, 'longitude': -88.15260792151095}, {'timestamp': datetime.datetime(2025, 4, 19, 1, 58, 19), 'latitude': 41.7478405125439, 'longitude': -88.15238161012535}, {'timestamp': datetime.datetime(2025, 4, 19, 1, 58, 20), 'latitude': 41.7478447873145, 'longitude': -88.15215563401584}, {'timestamp': datetime.datetime(2025, 4, 19, 1, 58, 21), 'latitude': 41.74784864299, 'longitude': -88.15194516442725}, {'timestamp': datetime.datetime(2025, 4, 19, 1, 58, 22), 'latitude': 41.7478528339416, 'longitude': -88.15171969123185}, {'timestamp': datetime.datetime(2025, 4, 19, 1, 58, 23), 'latitude': 41.7478559352458, 'longitude': -88.15151056274775}, {'timestamp': datetime.datetime(2025, 4, 19, 1, 58, 24), 'latitude': 41.7478594556451, 'longitude': -88.1512944772844}, {'timestamp': datetime.datetime(2025, 4, 19, 1, 58, 25), 'latitude': 41.7478628922254, 'longitude': -88.15108140930533}, {'timestamp': datetime.datetime(2025, 4, 19, 1, 58, 26), 'latitude': 41.7478676699102, 'longitude': -88.15085291862493}]"
input_videos\GRMN0955.MP4,output_clips\GRMN0955_clip_005.mp4,5,10.01,False,"[{'timestamp': datetime.datetime(2025, 4, 19, 1, 58, 27), 'latitude': 41.747872363776, 'longitude': -88.15063423477115}, {'timestamp': datetime.datetime(2025, 4, 19, 1, 58, 28), 'latitude': 41.7478766385466, 'longitude': -88.15041135996584}, {'timestamp': datetime.datetime(2025, 4, 19, 1, 58, 29), 'latitude': 41.7478806618601, 'longitude': -88.15018186345742}, {'timestamp': datetime.datetime(2025, 4, 19, 1, 58, 30), 'latitude': 41.7478833440691, 'longitude': -88.14994457177825}, {'timestamp': datetime.datetime(2025, 4, 19, 1, 58, 31), 'latitude': 41.7478865291923, 'longitude': -88.14971029758455}, {'timestamp': datetime.datetime(2025, 4, 19, 1, 58, 32), 'latitude': 41.7478903848678, 'longitude': -88.14947593957194}, {'timestamp': datetime.datetime(2025, 4, 19, 1, 58, 33), 'latitude': 41.7478948272765, 'longitude': -88.14924711361535}, {'timestamp': datetime.datetime(2025, 4, 19, 1, 58, 34), 'latitude': 41.7478998564184, 'longitude': -88.14900730736554}, {'timestamp': datetime.datetime(2025, 4, 19, 1, 58, 34), 'latitude': 41.747904215008, 'longitude': -88.14879004843534}, {'timestamp': datetime.datetime(2025, 4, 19, 1, 58, 36), 'latitude': 41.7479088250548, 'longitude': -88.14854378812025}]"
input_videos\GRMN0956.MP4,output_clips\GRMN0956_clip_000.mp4,0,10.028667,False,"[{'timestamp': datetime.datetime(2025, 4, 19, 1, 58, 37), 'latitude': 41.7479129321873, 'longitude': -88.14831295050685}, {'timestamp': datetime.datetime(2025, 4, 19, 1, 58, 38), 'latitude': 41.7479166202247, 'longitude': -88.14806719310585}, {'timestamp': datetime.datetime(2025, 4, 19, 1, 58, 39), 'latitude': 41.7479203082621, 'longitude': -88.14782604575164}, {'timestamp': datetime.datetime(2025, 4, 19, 1, 58, 40), 'latitude': 41.7479239962995, 'longitude': -88.14758095890285}, {'timestamp': datetime.datetime(2025, 4, 19, 1, 58, 41), 'latitude': 41.7479277681559, 'longitude': -88.14733930863444}, {'timestamp': datetime.datetime(2025, 4, 19, 1, 58, 42), 'latitude': 41.7479324620217, 'longitude': -88.14707988873124}, {'timestamp': datetime.datetime(2025, 4, 19, 1, 58, 43), 'latitude': 41.747938580811, 'longitude': -88.14682113938035}, {'timestamp': datetime.datetime(2025, 4, 19, 1, 58, 44), 'latitude': 41.7479455377907, 'longitude': -88.14655233174565}, {'timestamp': datetime.datetime(2025, 4, 19, 1, 58, 45), 'latitude': 41.747951824218, 'longitude': -88.14629064872865}, {'timestamp': datetime.datetime(2025, 4, 19, 1, 58, 46), 'latitude': 41.7479566857219, 'longitude': -88.14601102843885}, {'timestamp': datetime.datetime(2025, 4, 19, 1, 58, 46), 'latitude': 41.7479604575783, 'longitude': -88.14576225355275}]"
input_videos\GRMN0956.MP4,output_clips\GRMN0956_clip_001.mp4,1,10.024333,False,"[{'timestamp': datetime.datetime(2025, 4, 19, 1, 58, 48), 'latitude': 41.7479664087296, 'longitude': -88.14547366462655}, {'timestamp': datetime.datetime(2025, 4, 19, 1, 58, 49), 'latitude': 41.7479731980711, 'longitude': -88.14521835185595}, {'timestamp': datetime.datetime(2025, 4, 19, 1, 58, 50), 'latitude': 41.7479793168604, 'longitude': -88.14495507627734}, {'timestamp': datetime.datetime(2025, 4, 19, 1, 58, 51), 'latitude': 41.7479845136404, 'longitude': -88.14470797777184}, {'timestamp': datetime.datetime(2025, 4, 19, 1, 58, 52), 'latitude': 41.7479892913252, 'longitude': -88.14444889314474}, {'timestamp': datetime.datetime(2025, 4, 19, 1, 58, 53), 'latitude': 41.7479937337339, 'longitude': -88.14420389011546}, {'timestamp': datetime.datetime(2025, 4, 19, 1, 58, 54), 'latitude': 41.7479989305139, 'longitude': -88.14395369030545}, {'timestamp': datetime.datetime(2025, 4, 19, 1, 58, 55), 'latitude': 41.7480037081987, 'longitude': -88.14371698535984}, {'timestamp': datetime.datetime(2025, 4, 19, 1, 58, 56), 'latitude': 41.7480094078928, 'longitude': -88.14347701147244}]"
input_videos\GRMN0956.MP4,output_clips\GRMN0956_clip_002.mp4,2,10.019333,False,"[{'timestamp': datetime.datetime(2025, 4, 19, 1, 58, 57), 'latitude': 41.7480149399489, 'longitude': -88.14324466511614}, {'timestamp': datetime.datetime(2025, 4, 19, 1, 58, 58), 'latitude': 41.7480206396431, 'longitude': -88.14300536178054}, {'timestamp': datetime.datetime(2025, 4, 19, 1, 58, 59), 'latitude': 41.748025752604, 'longitude': -88.14276522025474}, {'timestamp': datetime.datetime(2025, 4, 19, 1, 59), 'latitude': 41.7480297759175, 'longitude': -88.14253195188944}, {'timestamp': datetime.datetime(2025, 4, 19, 1, 59, 1), 'latitude': 41.7480317037553, 'longitude': -88.14233514480294}, {'timestamp': datetime.datetime(2025, 4, 19, 1, 59, 2), 'latitude': 41.7480342183262, 'longitude': -88.14210858196024}, {'timestamp': datetime.datetime(2025, 4, 19, 1, 59, 3), 'latitude': 41.7480380740017, 'longitude': -88.14186399802574}, {'timestamp': datetime.datetime(2025, 4, 19, 1, 59, 4), 'latitude': 41.748044360429, 'longitude': -88.14161002635964}, {'timestamp': datetime.datetime(2025, 4, 19, 1, 59, 5), 'latitude': 41.7480519879609, 'longitude': -88.14136778935794}, {'timestamp': datetime.datetime(2025, 4, 19, 1, 59, 6), 'latitude': 41.7480583582073, 'longitude': -88.14112354069955}]"
input_videos\GRMN0956.MP4,output_clips\GRMN0956_clip_003.mp4,3,10.015333,False,"[{'timestamp': datetime.datetime(2025, 4, 19, 1, 59, 7), 'latitude': 41.7480650637299, 'longitude': -88.14088038168855}, {'timestamp': datetime.datetime(2025, 4, 19, 1, 59, 8), 'latitude': 41.7480716016144, 'longitude': -88.14064082689585}, {'timestamp': datetime.datetime(2025, 4, 19, 1, 59, 9), 'latitude': 41.7480777204037, 'longitude': -88.14039272256247}, {'timestamp': datetime.datetime(2025, 4, 19, 1, 59, 10), 'latitude': 41.7480824142694, 'longitude': -88.14013347029695}, {'timestamp': datetime.datetime(2025, 4, 19, 1, 59, 11), 'latitude': 41.7480884492397, 'longitude': -88.13987296074635}, {'timestamp': datetime.datetime(2025, 4, 19, 1, 59, 12), 'latitude': 41.7480952385813, 'longitude': -88.13959862105555}, {'timestamp': datetime.datetime(2025, 4, 19, 1, 59, 13), 'latitude': 41.7481020279229, 'longitude': -88.13933777622886}, {'timestamp': datetime.datetime(2025, 4, 19, 1, 59, 14), 'latitude': 41.7481071408838, 'longitude': -88.13905932940546}, {'timestamp': datetime.datetime(2025, 4, 19, 1, 59, 15), 'latitude': 41.7481117509305, 'longitude': -88.13879370689395}, {'timestamp': datetime.datetime(2025, 4, 19, 1, 59, 16), 'latitude': 41.7481191270053, 'longitude': -88.13851391896615}]"
input_videos\GRMN0956.MP4,output_clips\GRMN0956_clip_004.mp4,4,10.010333,False,"[{'timestamp': datetime.datetime(2025, 4, 19, 1, 59, 17), 'latitude': 41.7481254134327, 'longitude': -88.13823614269552}, {'timestamp': datetime.datetime(2025, 4, 19, 1, 59, 18), 'latitude': 41.748133962974, 'longitude': -88.13794713467365}, {'timestamp': datetime.datetime(2025, 4, 19, 1, 59, 19), 'latitude': 41.74813949503, 'longitude': -88.13767698593445}, {'timestamp': datetime.datetime(2025, 4, 19, 1, 59, 20), 'latitude': 41.7481442727149, 'longitude': -88.13739066012252}, {'timestamp': datetime.datetime(2025, 4, 19, 1, 59, 21), 'latitude': 41.7481497209519, 'longitude': -88.13712151721126}, {'timestamp': datetime.datetime(2025, 4, 19, 1, 59, 22), 'latitude': 41.7481555044651, 'longitude': -88.13684047199796}, {'timestamp': datetime.datetime(2025, 4, 19, 1, 59, 23), 'latitude': 41.7481609527022, 'longitude': -88.13657040707776}, {'timestamp': datetime.datetime(2025, 4, 19, 1, 59, 24), 'latitude': 41.7481673229486, 'longitude': -88.13628911040725}, {'timestamp': datetime.datetime(2025, 4, 19, 1, 59, 25), 'latitude': 41.7481727711856, 'longitude': -88.13602399080995}, {'timestamp': datetime.datetime(2025, 4, 19, 1, 59, 26), 'latitude': 41.7481785546988, 'longitude': -88.13575585372755}]"
input_videos\GRMN0956.MP4,output_clips\GRMN0956_clip_005.mp4,5,10.01,False,"[{'timestamp': datetime.datetime(2025, 4, 19, 1, 59, 27), 'latitude': 41.7481839191169, 'longitude': -88.13549324870115}, {'timestamp': datetime.datetime(2025, 4, 19, 1, 59, 28), 'latitude': 41.7481885291636, 'longitude': -88.13523483462635}, {'timestamp': datetime.datetime(2025, 4, 19, 1, 59, 29), 'latitude': 41.7481938097626, 'longitude': -88.13498513773085}, {'timestamp': datetime.datetime(2025, 4, 19, 1, 59, 30), 'latitude': 41.7482009343803, 'longitude': -88.13472362235194}, {'timestamp': datetime.datetime(2025, 4, 19, 1, 59, 31), 'latitude': 41.748207975179, 'longitude': -88.13446302898235}, {'timestamp': datetime.datetime(2025, 4, 19, 1, 59, 32), 'latitude': 41.7482140101492, 'longitude': -88.13419749028985}, {'timestamp': datetime.datetime(2025, 4, 19, 1, 59, 33), 'latitude': 41.7482174467295, 'longitude': -88.13394402153794}, {'timestamp': datetime.datetime(2025, 4, 19, 1, 59, 34), 'latitude': 41.748221386224, 'longitude': -88.13368502072994}, {'timestamp': datetime.datetime(2025, 4, 19, 1, 59, 35), 'latitude': 41.7482263315469, 'longitude': -88.13344663940374}, {'timestamp': datetime.datetime(2025, 4, 19, 1, 59, 36), 'latitude': 41.7482321988791, 'longitude': -88.13319476321345}]"
input_videos\GRMN0957.MP4,output_clips\GRMN0957_clip_000.mp4,0,10.022333,False,"[{'timestamp': datetime.datetime(2025, 4, 19, 1, 59, 37), 'latitude': 41.7482387367636, 'longitude': -88.13293601386255}, {'timestamp': datetime.datetime(2025, 4, 19, 1, 59, 38), 'latitude': 41.7482471186668, 'longitude': -88.13268438912935}, {'timestamp': datetime.datetime(2025, 4, 19, 1, 59, 39), 'latitude': 41.7482585180551, 'longitude': -88.13244307413746}, {'timestamp': datetime.datetime(2025, 4, 19, 1, 59, 40), 'latitude': 41.7482725996524, 'longitude': -88.13220427371564}, {'timestamp': datetime.datetime(2025, 4, 19, 1, 59, 41), 'latitude': 41.7482858430594, 'longitude': -88.13196421600884}, {'timestamp': datetime.datetime(2025, 4, 19, 1, 59, 42), 'latitude': 41.7482971586287, 'longitude': -88.13172239810234}, {'timestamp': datetime.datetime(2025, 4, 19, 1, 59, 42), 'latitude': 41.7483042832464, 'longitude': -88.13150606118144}, {'timestamp': datetime.datetime(2025, 4, 19, 1, 59, 44), 'latitude': 41.7483095638454, 'longitude': -88.13127027824524}, {'timestamp': datetime.datetime(2025, 4, 19, 1, 59, 45), 'latitude': 41.7483133357018, 'longitude': -88.13107808120554}, {'timestamp': datetime.datetime(2025, 4, 19, 1, 59, 46), 'latitude': 41.7483182810247, 'longitude': -88.13089971430634}, {'timestamp': datetime.datetime(2025, 4, 19, 1, 59, 46), 'latitude': 41.7483219690621, 'longitude': -88.13075386919083}]"
input_videos\GRMN0957.MP4,output_clips\GRMN0957_clip_001.mp4,1,10.017333,False,"[{'timestamp': datetime.datetime(2025, 4, 19, 1, 59, 48), 'latitude': 41.7483253218234, 'longitude': -88.13061347231273}, {'timestamp': datetime.datetime(2025, 4, 19, 1, 59, 49), 'latitude': 41.7483275849372, 'longitude': -88.13050626777112}, {'timestamp': datetime.datetime(2025, 4, 19, 1, 59, 50), 'latitude': 41.7483291774988, 'longitude': -88.13041607849318}, {'timestamp': datetime.datetime(2025, 4, 19, 1, 59, 51), 'latitude': 41.7483300995082, 'longitude': -88.13035556115211}, {'timestamp': datetime.datetime(2025, 4, 19, 1, 59, 52), 'latitude': 41.7483313567936, 'longitude': -88.1303080357611}, {'timestamp': datetime.datetime(2025, 4, 19, 1, 59, 53), 'latitude': 41.748332194984, 'longitude': -88.13027760945268}, {'timestamp': datetime.datetime(2025, 4, 19, 1, 59, 54), 'latitude': 41.7483328655362, 'longitude': -88.1302495300775}, {'timestamp': datetime.datetime(2025, 4, 19, 1, 59, 55), 'latitude': 41.7483332008123, 'longitude': -88.13023569993673}, {'timestamp': datetime.datetime(2025, 4, 19, 1, 59, 56), 'latitude': 41.7483335360885, 'longitude': -88.13023251481351}]"
input_videos\GRMN0957.MP4,output_clips\GRMN0957_clip_002.mp4,2,10.013333,False,"[{'timestamp': datetime.datetime(2025, 4, 19, 1, 59, 57), 'latitude': 41.7483335360885, 'longitude': -88.1302376277745}, {'timestamp': datetime.datetime(2025, 4, 19, 1, 59, 58), 'latitude': 41.7483335360885, 'longitude': -88.1302376277745}, {'timestamp': datetime.datetime(2025, 4, 19, 1, 59, 59), 'latitude': 41.7483335360885, 'longitude': -88.1302376277745}, {'timestamp': datetime.datetime(2025, 4, 19, 2, 0), 'latitude': 41.7483335360885, 'longitude': -88.1302376277745}, {'timestamp': datetime.datetime(2025, 4, 19, 2, 0, 1), 'latitude': 41.7483335360885, 'longitude': -88.1302376277745}, {'timestamp': datetime.datetime(2025, 4, 19, 2, 0, 2), 'latitude': 41.7483335360885, 'longitude': -88.1302376277745}, {'timestamp': datetime.datetime(2025, 4, 19, 2, 0, 3), 'latitude': 41.7483335360885, 'longitude': -88.1302376277745}, {'timestamp': datetime.datetime(2025, 4, 19, 2, 0, 4), 'latitude': 41.7483335360885, 'longitude': -88.1302376277745}, {'timestamp': datetime.datetime(2025, 4, 19, 2, 0, 5), 'latitude': 41.7483335360885, 'longitude': -88.1302376277745}, {'timestamp': datetime.datetime(2025, 4, 19, 2, 0, 6), 'latitude': 41.7483335360885, 'longitude': -88.1302376277745}]"
input_videos\GRMN0957.MP4,output_clips\GRMN0957_clip_003.mp4,3,10.029667,False,"[{'timestamp': datetime.datetime(2025, 4, 19, 2, 0, 7), 'latitude': 41.7483335360885, 'longitude': -88.1302376277745}, {'timestamp': datetime.datetime(2025, 4, 19, 2, 0, 8), 'latitude': 41.7483335360885, 'longitude': -88.1302376277745}, {'timestamp': datetime.datetime(2025, 4, 19, 2, 0, 9), 'latitude': 41.7483335360885, 'longitude': -88.1302376277745}, {'timestamp': datetime.datetime(2025, 4, 19, 2, 0, 10), 'latitude': 41.7483335360885, 'longitude': -88.1302376277745}, {'timestamp': datetime.datetime(2025, 4, 19, 2, 0, 11), 'latitude': 41.7483335360885, 'longitude': -88.1302376277745}, {'timestamp': datetime.datetime(2025, 4, 19, 2, 0, 12), 'latitude': 41.7483335360885, 'longitude': -88.1302376277745}, {'timestamp': datetime.datetime(2025, 4, 19, 2, 0, 13), 'latitude': 41.7483335360885, 'longitude': -88.1302376277745}, {'timestamp': datetime.datetime(2025, 4, 19, 2, 0, 14), 'latitude': 41.7483335360885, 'longitude': -88.1302376277745}, {'timestamp': datetime.datetime(2025, 4, 19, 2, 0, 15), 'latitude': 41.7483335360885, 'longitude': -88.1302376277745}, {'timestamp': datetime.datetime(2025, 4, 19, 2, 0, 16), 'latitude': 41.7483335360885, 'longitude': -88.1302376277745}]"
input_videos\GRMN0957.MP4,output_clips\GRMN0957_clip_004.mp4,4,10.025333,False,"[{'timestamp': datetime.datetime(2025, 4, 19, 2, 0, 17), 'latitude': 41.7483335360885, 'longitude': -88.1302376277745}, {'timestamp': datetime.datetime(2025, 4, 19, 2, 0, 18), 'latitude': 41.7483335360885, 'longitude': -88.1302376277745}, {'timestamp': datetime.datetime(2025, 4, 19, 2, 0, 19), 'latitude': 41.7483335360885, 'longitude': -88.1302376277745}, {'timestamp': datetime.datetime(2025, 4, 19, 2, 0, 20), 'latitude': 41.7483335360885, 'longitude': -88.1302376277745}, {'timestamp': datetime.datetime(2025, 4, 19, 2, 0, 21), 'latitude': 41.7483335360885, 'longitude': -88.1302376277745}, {'timestamp': datetime.datetime(2025, 4, 19, 2, 0, 22), 'latitude': 41.7483335360885, 'longitude': -88.1302376277745}, {'timestamp': datetime.datetime(2025, 4, 19, 2, 0, 23), 'latitude': 41.7483335360885, 'longitude': -88.1302376277745}, {'timestamp': datetime.datetime(2025, 4, 19, 2, 0, 24), 'latitude': 41.7483335360885, 'longitude': -88.1302376277745}, {'timestamp': datetime.datetime(2025, 4, 19, 2, 0, 25), 'latitude': 41.7483335360885, 'longitude': -88.1302376277745}, {'timestamp': datetime.datetime(2025, 4, 19, 2, 0, 26), 'latitude': 41.7483335360885, 'longitude': -88.1302376277745}]"
input_videos\GRMN0957.MP4,output_clips\GRMN0957_clip_005.mp4,5,10.01,False,"[{'timestamp': datetime.datetime(2025, 4, 19, 2, 0, 27), 'latitude': 41.7483335360885, 'longitude': -88.1302376277745}, {'timestamp': datetime.datetime(2025, 4, 19, 2, 0, 28), 'latitude': 41.7483335360885, 'longitude': -88.1302376277745}, {'timestamp': datetime.datetime(2025, 4, 19, 2, 0, 28), 'latitude': 41.7483335360885, 'longitude': -88.1302376277745}, {'timestamp': datetime.datetime(2025, 4, 19, 2, 0, 30), 'latitude': 41.7483335360885, 'longitude': -88.1302376277745}, {'timestamp': datetime.datetime(2025, 4, 19, 2, 0, 31), 'latitude': 41.7483335360885, 'longitude': -88.1302376277745}, {'timestamp': datetime.datetime(2025, 4, 19, 2, 0, 31), 'latitude': 41.7483335360885, 'longitude': -88.1302376277745}, {'timestamp': datetime.datetime(2025, 4, 19, 2, 0, 33), 'latitude': 41.7483338713646, 'longitude': -88.13022924587132}, {'timestamp': datetime.datetime(2025, 4, 19, 2, 0, 34), 'latitude': 41.7483378108591, 'longitude': -88.13016143627468}, {'timestamp': datetime.datetime(2025, 4, 19, 2, 0, 35), 'latitude': 41.7483408283442, 'longitude': -88.1300804670912}, {'timestamp': datetime.datetime(2025, 4, 19, 2, 0, 36), 'latitude': 41.7483493778855, 'longitude': -88.1299878470615}]"
input_videos\GRMN0958.MP4,output_clips\GRMN0958_clip_000.mp4,0,10.015333,False,"[{'timestamp': datetime.datetime(2025, 4, 19, 2, 0, 37), 'latitude': 41.7483754456043, 'longitude': -88.12989103607832}, {'timestamp': datetime.datetime(2025, 4, 19, 2, 0, 38), 'latitude': 41.748424731195, 'longitude': -88.12981333583592}, {'timestamp': datetime.datetime(2025, 4, 19, 2, 0, 39), 'latitude': 41.7484959773719, 'longitude': -88.12976765446362}, {'timestamp': datetime.datetime(2025, 4, 19, 2, 0, 40), 'latitude': 41.7485802993178, 'longitude': -88.12975223176181}, {'timestamp': datetime.datetime(2025, 4, 19, 2, 0, 41), 'latitude': 41.7486787028611, 'longitude': -88.12977218069142}, {'timestamp': datetime.datetime(2025, 4, 19, 2, 0, 42), 'latitude': 41.7487720772624, 'longitude': -88.12981249764563}, {'timestamp': datetime.datetime(2025, 4, 19, 2, 0, 43), 'latitude': 41.7488750908524, 'longitude': -88.12987335026263}, {'timestamp': datetime.datetime(2025, 4, 19, 2, 0, 44), 'latitude': 41.7489831335843, 'longitude': -88.12994660809643}, {'timestamp': datetime.datetime(2025, 4, 19, 2, 0, 45), 'latitude': 41.7490981332958, 'longitude': -88.13002523034812}, {'timestamp': datetime.datetime(2025, 4, 19, 2, 0, 46), 'latitude': 41.7492207605392, 'longitude': -88.13011525198823}]"
input_videos\GRMN0958.MP4,output_clips\GRMN0958_clip_001.mp4,1,10.011333,False,"[{'timestamp': datetime.datetime(2025, 4, 19, 2, 0, 47), 'latitude': 41.749326037243, 'longitude': -88.13019965775312}, {'timestamp': datetime.datetime(2025, 4, 19, 2, 0, 48), 'latitude': 41.7494315654039, 'longitude': -88.13028967939323}, {'timestamp': datetime.datetime(2025, 4, 19, 2, 0, 49), 'latitude': 41.7495366744697, 'longitude': -88.13038255088033}, {'timestamp': datetime.datetime(2025, 4, 19, 2, 0, 50), 'latitude': 41.7496396880597, 'longitude': -88.13047466799622}, {'timestamp': datetime.datetime(2025, 4, 19, 2, 0, 51), 'latitude': 41.7497406061739, 'longitude': -88.13056619837883}, {'timestamp': datetime.datetime(2025, 4, 19, 2, 0, 52), 'latitude': 41.7498449608684, 'longitude': -88.13066074624663}, {'timestamp': datetime.datetime(2025, 4, 19, 2, 0, 53), 'latitude': 41.7499350663275, 'longitude': -88.13074205070733}, {'timestamp': datetime.datetime(2025, 4, 19, 2, 0, 54), 'latitude': 41.7500147782266, 'longitude': -88.13080893829462}, {'timestamp': datetime.datetime(2025, 4, 19, 2, 0, 55), 'latitude': 41.7500803247094, 'longitude': -88.13084481284022}, {'timestamp': datetime.datetime(2025, 4, 19, 2, 0, 56), 'latitude': 41.7501578573138, 'longitude': -88.13083793967962}]"
input_videos\GRMN0958.MP4,output_clips\GRMN0958_clip_002.mp4,2,10.027667,False,"[{'timestamp': datetime.datetime(2025, 4, 19, 2, 0, 57), 'latitude': 41.7502254992723, 'longitude': -88.13077951781452}, {'timestamp': datetime.datetime(2025, 4, 19, 2, 0, 58), 'latitude': 41.7502793949097, 'longitude': -88.13068639487032}, {'timestamp': datetime.datetime(2025, 4, 19, 2, 0, 59), 'latitude': 41.7503246571869, 'longitude': -88.13057566992943}, {'timestamp': datetime.datetime(2025, 4, 19, 2, 1), 'latitude': 41.7503719311208, 'longitude': -88.13043862581253}, {'timestamp': datetime.datetime(2025, 4, 19, 2, 1, 1), 'latitude': 41.7504155170172, 'longitude': -88.1302918586883}, {'timestamp': datetime.datetime(2025, 4, 19, 2, 1, 2), 'latitude': 41.7504636291414, 'longitude': -88.13012572936714}, {'timestamp': datetime.datetime(2025, 4, 19, 2, 1, 3), 'latitude': 41.7505157645792, 'longitude': -88.12994400970643}, {'timestamp': datetime.datetime(2025, 4, 19, 2, 1, 4), 'latitude': 41.7505683191121, 'longitude': -88.12976740300664}, {'timestamp': datetime.datetime(2025, 4, 19, 2, 1, 5), 'latitude': 41.7506213765591, 'longitude': -88.12958383932714}, {'timestamp': datetime.datetime(2025, 4, 19, 2, 1, 6), 'latitude': 41.7506779544055, 'longitude': -88.12938996590674}]"
input_videos\GRMN0958.MP4,output_clips\GRMN0958_clip_003.mp4,3,10.023333,False,"[{'timestamp': datetime.datetime(2025, 4, 19, 2, 1, 7), 'latitude': 41.7507354542613, 'longitude': -88.12919726595284}, {'timestamp': datetime.datetime(2025, 4, 19, 2, 1, 8), 'latitude': 41.7507939599454, 'longitude': -88.12900473363739}, {'timestamp': datetime.datetime(2025, 4, 19, 2, 1, 9), 'latitude': 41.7508524656296, 'longitude': -88.12881253659734}, {'timestamp': datetime.datetime(2025, 4, 19, 2, 1, 10), 'latitude': 41.7509121447802, 'longitude': -88.12861422076824}, {'timestamp': datetime.datetime(2025, 4, 19, 2, 1, 11), 'latitude': 41.7509681358933, 'longitude': -88.12842797487974}, {'timestamp': datetime.datetime(2025, 4, 19, 2, 1, 12), 'latitude': 41.7510281503201, 'longitude': -88.12822815030813}, {'timestamp': datetime.datetime(2025, 4, 19, 2, 1, 13), 'latitude': 41.7510821297765, 'longitude': -88.12803964130583}, {'timestamp': datetime.datetime(2025, 4, 19, 2, 1, 14), 'latitude': 41.7511372826993, 'longitude': -88.12784023582944}, {'timestamp': datetime.datetime(2025, 4, 19, 2, 1, 15), 'latitude': 41.7511943634599, 'longitude': -88.12763353809714}, {'timestamp': datetime.datetime(2025, 4, 19, 2, 1, 16), 'latitude': 41.7512529529631, 'longitude': -88.12742147594695}]"
input_videos\GRMN0958.MP4,output_clips\GRMN0958_clip_004.mp4,4,10.018333,False,"[{'timestamp': datetime.datetime(2025, 4, 19, 2, 1, 17), 'latitude': 41.7513089440763, 'longitude': -88.12721687369054}, {'timestamp': datetime.datetime(2025, 4, 19, 2, 1, 18), 'latitude': 41.7513625882566, 'longitude': -88.12700917012994}, {'timestamp': datetime.datetime(2025, 4, 19, 2, 1, 19), 'latitude': 41.7514125443995, 'longitude': -88.12680917792024}, {'timestamp': datetime.datetime(2025, 4, 19, 2, 1, 20), 'latitude': 41.7514618299901, 'longitude': -88.12661723233764}, {'timestamp': datetime.datetime(2025, 4, 19, 2, 1, 21), 'latitude': 41.7515106126666, 'longitude': -88.12643777579073}, {'timestamp': datetime.datetime(2025, 4, 19, 2, 1, 22), 'latitude': 41.7515602335334, 'longitude': -88.12626284547153}, {'timestamp': datetime.datetime(2025, 4, 19, 2, 1, 22), 'latitude': 41.7516056634486, 'longitude': -88.12609638087453}, {'timestamp': datetime.datetime(2025, 4, 19, 2, 1, 24), 'latitude': 41.7516482435167, 'longitude': -88.12592480331664}, {'timestamp': datetime.datetime(2025, 4, 19, 2, 1, 24), 'latitude': 41.75168344751, 'longitude': -88.12577334232633}, {'timestamp': datetime.datetime(2025, 4, 19, 2, 1, 26), 'latitude': 41.7517194896936, 'longitude': -88.12561861239374}]"
input_videos\GRMN0958.MP4,output_clips\GRMN0958_clip_005.mp4,5,10.01,False,"[{'timestamp': datetime.datetime(2025, 4, 19, 2, 1, 27), 'latitude': 41.751752095297, 'longitude': -88.12546991743153}, {'timestamp': datetime.datetime(2025, 4, 19, 2, 1, 28), 'latitude': 41.75177606754, 'longitude': -88.12535332515843}, {'timestamp': datetime.datetime(2025, 4, 19, 2, 1, 29), 'latitude': 41.7517919931561, 'longitude': -88.12527419999242}, {'timestamp': datetime.datetime(2025, 4, 19, 2, 1, 30), 'latitude': 41.7518031410873, 'longitude': -88.12522139400241}, {'timestamp': datetime.datetime(2025, 4, 19, 2, 1, 31), 'latitude': 41.7518179770559, 'longitude': -88.12517487443981}, {'timestamp': datetime.datetime(2025, 4, 19, 2, 1, 32), 'latitude': 41.7518529295921, 'longitude': -88.1251382455231}, {'timestamp': datetime.datetime(2025, 4, 19, 2, 1, 33), 'latitude': 41.7519126925617, 'longitude': -88.12511502765122}, {'timestamp': datetime.datetime(2025, 4, 19, 2, 1, 34), 'latitude': 41.7519881296903, 'longitude': -88.12511377036572}, {'timestamp': datetime.datetime(2025, 4, 19, 2, 1, 35), 'latitude': 41.7520767264068, 'longitude': -88.12513388693331}, {'timestamp': datetime.datetime(2025, 4, 19, 2, 1, 36), 'latitude': 41.7521711066365, 'longitude': -88.12514897435923}]"
input_videos\GRMN0959.MP4,output_clips\GRMN0959_clip_000.mp4,0,10.030667,False,"[{'timestamp': datetime.datetime(2025, 4, 19, 2, 1, 37), 'latitude': 41.7522858548909, 'longitude': -88.12513514421883}, {'timestamp': datetime.datetime(2025, 4, 19, 2, 1, 38), 'latitude': 41.7524030338973, 'longitude': -88.12509675510233}, {'timestamp': datetime.datetime(2025, 4, 19, 2, 1, 39), 'latitude': 41.7525331210345, 'longitude': -88.12504428438844}, {'timestamp': datetime.datetime(2025, 4, 19, 2, 1, 40), 'latitude': 41.7526674829423, 'longitude': -88.12499240040783}, {'timestamp': datetime.datetime(2025, 4, 19, 2, 1, 41), 'latitude': 41.7528000008315, 'longitude': -88.12494579702623}, {'timestamp': datetime.datetime(2025, 4, 19, 2, 1, 42), 'latitude': 41.752930926159, 'longitude': -88.12490162439643}, {'timestamp': datetime.datetime(2025, 4, 19, 2, 1, 43), 'latitude': 41.7530662100762, 'longitude': -88.12485166825354}, {'timestamp': datetime.datetime(2025, 4, 19, 2, 1, 44), 'latitude': 41.7532052658498, 'longitude': -88.12479618005453}, {'timestamp': datetime.datetime(2025, 4, 19, 2, 1, 45), 'latitude': 41.7533372808248, 'longitude': -88.12474538572134}, {'timestamp': datetime.datetime(2025, 4, 19, 2, 1, 46), 'latitude': 41.7534744925797, 'longitude': -88.12469341792173}]"
input_videos\GRMN0959.MP4,output_clips\GRMN0959_clip_001.mp4,1,10.025333,False,"[{'timestamp': datetime.datetime(2025, 4, 19, 2, 1, 47), 'latitude': 41.7536051664501, 'longitude': -88.12464228831233}, {'timestamp': datetime.datetime(2025, 4, 19, 2, 1, 48), 'latitude': 41.7537360917777, 'longitude': -88.12459141016014}, {'timestamp': datetime.datetime(2025, 4, 19, 2, 1, 49), 'latitude': 41.753863748163, 'longitude': -88.12454254366463}, {'timestamp': datetime.datetime(2025, 4, 19, 2, 1, 50), 'latitude': 41.7539969366044, 'longitude': -88.12449552118784}, {'timestamp': datetime.datetime(2025, 4, 19, 2, 1, 51), 'latitude': 41.7541314661503, 'longitude': -88.12444455921653}, {'timestamp': datetime.datetime(2025, 4, 19, 2, 1, 52), 'latitude': 41.7542651575059, 'longitude': -88.12439041212234}, {'timestamp': datetime.datetime(2025, 4, 19, 2, 1, 53), 'latitude': 41.7543998546898, 'longitude': -88.12433701939884}, {'timestamp': datetime.datetime(2025, 4, 19, 2, 1, 54), 'latitude': 41.754537736997, 'longitude': -88.12428496778013}, {'timestamp': datetime.datetime(2025, 4, 19, 2, 1, 55), 'latitude': 41.7546731885523, 'longitude': -88.12423685565594}, {'timestamp': datetime.datetime(2025, 4, 19, 2, 1, 56), 'latitude': 41.754812579602, 'longitude': -88.12418715097013}, {'timestamp': datetime.datetime(2025, 4, 19, 2, 1, 56), 'latitude': 41.7549380566925, 'longitude': -88.12413778156044}]"
input_videos\GRMN0959.MP4,output_clips\GRMN0959_clip_002.mp4,2,10.021333,False,"[{'timestamp': datetime.datetime(2025, 4, 19, 2, 1, 57), 'latitude': 41.7550704069436, 'longitude': -88.12408816069363}, {'timestamp': datetime.datetime(2025, 4, 19, 2, 1, 59), 'latitude': 41.7552100494504, 'longitude': -88.12403392978014}, {'timestamp': datetime.datetime(2025, 4, 19, 2, 2), 'latitude': 41.7553477641195, 'longitude': -88.12398112379013}, {'timestamp': datetime.datetime(2025, 4, 19, 2, 2, 1), 'latitude': 41.7554817069322, 'longitude': -88.12394742853944}, {'timestamp': datetime.datetime(2025, 4, 19, 2, 2, 2), 'latitude': 41.755621349439, 'longitude': -88.12391155399384}, {'timestamp': datetime.datetime(2025, 4, 19, 2, 2, 3), 'latitude': 41.7557610757649, 'longitude': -88.12385682016614}, {'timestamp': datetime.datetime(2025, 4, 19, 2, 2, 4), 'latitude': 41.7559071723372, 'longitude': -88.12381315045063}, {'timestamp': datetime.datetime(2025, 4, 19, 2, 2, 5), 'latitude': 41.7560457251966, 'longitude': -88.12376420013614}, {'timestamp': datetime.datetime(2025, 4, 19, 2, 2, 6), 'latitude': 41.756186960265, 'longitude': -88.12371265143163}]"
input_videos\GRMN0959.MP4,output_clips\GRMN0959_clip_003.mp4,3,10.016333,False,"[{'timestamp': datetime.datetime(2025, 4, 19, 2, 2, 7), 'latitude': 41.7563188076019, 'longitude': -88.12366177327934}, {'timestamp': datetime.datetime(2025, 4, 19, 2, 2, 8), 'latitude': 41.7564571090043, 'longitude': -88.12360569834713}, {'timestamp': datetime.datetime(2025, 4, 19, 2, 2, 9), 'latitude': 41.7565926443785, 'longitude': -88.12355331145234}, {'timestamp': datetime.datetime(2025, 4, 19, 2, 2, 10), 'latitude': 41.7567273415625, 'longitude': -88.12350385822363}, {'timestamp': datetime.datetime(2025, 4, 19, 2, 2, 11), 'latitude': 41.75686346367, 'longitude': -88.12345096841453}, {'timestamp': datetime.datetime(2025, 4, 19, 2, 2, 12), 'latitude': 41.756998160854, 'longitude': -88.12340210191914}, {'timestamp': datetime.datetime(2025, 4, 19, 2, 2, 13), 'latitude': 41.7571360431612, 'longitude': -88.12335046939553}, {'timestamp': datetime.datetime(2025, 4, 19, 2, 2, 14), 'latitude': 41.7572700697929, 'longitude': -88.12330193817624}, {'timestamp': datetime.datetime(2025, 4, 19, 2, 2, 15), 'latitude': 41.7574097961187, 'longitude': -88.12324351631135}, {'timestamp': datetime.datetime(2025, 4, 19, 2, 2, 16), 'latitude': 41.7575511988252, 'longitude': -88.12319054268335}]"
input_videos\GRMN0959.MP4,output_clips\GRMN0959_clip_004.mp4,4,10.011333,False,"[{'timestamp': datetime.datetime(2025, 4, 19, 2, 2, 17), 'latitude': 41.7576902545989, 'longitude': -88.12314955517654}, {'timestamp': datetime.datetime(2025, 4, 19, 2, 2, 18), 'latitude': 41.7578310705721, 'longitude': -88.12310270033784}, {'timestamp': datetime.datetime(2025, 4, 19, 2, 2, 19), 'latitude': 41.7579795140773, 'longitude': -88.12304377555854}, {'timestamp': datetime.datetime(2025, 4, 19, 2, 2, 20), 'latitude': 41.7581323999912, 'longitude': -88.12298174947539}, {'timestamp': datetime.datetime(2025, 4, 19, 2, 2, 21), 'latitude': 41.7582854535431, 'longitude': -88.12292391434313}, {'timestamp': datetime.datetime(2025, 4, 19, 2, 2, 22), 'latitude': 41.758433394134, 'longitude': -88.12287161126734}, {'timestamp': datetime.datetime(2025, 4, 19, 2, 2, 23), 'latitude': 41.7585803288966, 'longitude': -88.12281033955514}, {'timestamp': datetime.datetime(2025, 4, 19, 2, 2, 24), 'latitude': 41.7587309516966, 'longitude': -88.1227571144738}, {'timestamp': datetime.datetime(2025, 4, 19, 2, 2, 25), 'latitude': 41.7588810715824, 'longitude': -88.12269886024337}, {'timestamp': datetime.datetime(2025, 4, 19, 2, 2, 26), 'latitude': 41.7590273357928, 'longitude': -88.12264605425338}]"
input_videos\GRMN0959.MP4,output_clips\GRMN0959_clip_005.mp4,5,10.01,False,"[{'timestamp': datetime.datetime(2025, 4, 19, 2, 2, 27), 'latitude': 41.7591695766896, 'longitude': -88.12259626574814}, {'timestamp': datetime.datetime(2025, 4, 19, 2, 2, 28), 'latitude': 41.7593167629093, 'longitude': -88.12254228629173}, {'timestamp': datetime.datetime(2025, 4, 19, 2, 2, 29), 'latitude': 41.7594563215971, 'longitude': -88.12249149195854}, {'timestamp': datetime.datetime(2025, 4, 19, 2, 2, 30), 'latitude': 41.7596059385687, 'longitude': -88.12243709340694}, {'timestamp': datetime.datetime(2025, 4, 19, 2, 2, 31), 'latitude': 41.7597523704171, 'longitude': -88.12238336540764}, {'timestamp': datetime.datetime(2025, 4, 19, 2, 2, 32), 'latitude': 41.759899975732, 'longitude': -88.12233206816023}, {'timestamp': datetime.datetime(2025, 4, 19, 2, 2, 33), 'latitude': 41.7600388638675, 'longitude': -88.12228479422633}, {'timestamp': datetime.datetime(2025, 4, 19, 2, 2, 34), 'latitude': 41.7601740639657, 'longitude': -88.12223525717853}, {'timestamp': datetime.datetime(2025, 4, 19, 2, 2, 35), 'latitude': 41.7603023909032, 'longitude': -88.12218454666443}, {'timestamp': datetime.datetime(2025, 4, 19, 2, 2, 36), 'latitude': 41.760428538546, 'longitude': -88.12213157303633}]"
input_videos\GRMN0960.MP4,output_clips\GRMN0960_clip_000.mp4,0,10.023333,False,"[{'timestamp': datetime.datetime(2025, 4, 19, 2, 2, 37), 'latitude': 41.7605535965413, 'longitude': -88.12208044342732}, {'timestamp': datetime.datetime(2025, 4, 19, 2, 2, 38), 'latitude': 41.7606784030795, 'longitude': -88.12203199602664}, {'timestamp': datetime.datetime(2025, 4, 19, 2, 2, 39), 'latitude': 41.7607927322388, 'longitude': -88.12199737876654}, {'timestamp': datetime.datetime(2025, 4, 19, 2, 2, 40), 'latitude': 41.7609139345586, 'longitude': -88.12195295467973}, {'timestamp': datetime.datetime(2025, 4, 19, 2, 2, 41), 'latitude': 41.7610456980765, 'longitude': -88.12191330827773}, {'timestamp': datetime.datetime(2025, 4, 19, 2, 2, 42), 'latitude': 41.7611829936504, 'longitude': -88.12186209484933}, {'timestamp': datetime.datetime(2025, 4, 19, 2, 2, 43), 'latitude': 41.7613199539483, 'longitude': -88.12180794775493}, {'timestamp': datetime.datetime(2025, 4, 19, 2, 2, 44), 'latitude': 41.7614467721432, 'longitude': -88.12175748869784}, {'timestamp': datetime.datetime(2025, 4, 19, 2, 2, 45), 'latitude': 41.7615698184818, 'longitude': -88.12171231023973}, {'timestamp': datetime.datetime(2025, 4, 19, 2, 2, 46), 'latitude': 41.7616871651262, 'longitude': -88.12167065218092}]"
input_videos\GRMN0960.MP4,output_clips\GRMN0960_clip_001.mp4,1,10.019333,False,"[{'timestamp': datetime.datetime(2025, 4, 19, 2, 2, 47), 'latitude': 41.7618042603135, 'longitude': -88.12162832356994}, {'timestamp': datetime.datetime(2025, 4, 19, 2, 2, 48), 'latitude': 41.7619206011295, 'longitude': -88.12158239074053}, {'timestamp': datetime.datetime(2025, 4, 19, 2, 2, 49), 'latitude': 41.762032834813, 'longitude': -88.12153981067243}, {'timestamp': datetime.datetime(2025, 4, 19, 2, 2, 50), 'latitude': 41.7621486727148, 'longitude': -88.12149681150913}, {'timestamp': datetime.datetime(2025, 4, 19, 2, 2, 51), 'latitude': 41.7622579727322, 'longitude': -88.12145574018363}, {'timestamp': datetime.datetime(2025, 4, 19, 2, 2, 52), 'latitude': 41.7623681109399, 'longitude': -88.12141810543842}, {'timestamp': datetime.datetime(2025, 4, 19, 2, 2, 53), 'latitude': 41.7624573782086, 'longitude': -88.12139681540432}, {'timestamp': datetime.datetime(2025, 4, 19, 2, 2, 54), 'latitude': 41.762550920248, 'longitude': -88.12135825864972}, {'timestamp': datetime.datetime(2025, 4, 19, 2, 2, 55), 'latitude': 41.7626216635108, 'longitude': -88.12133705243473}, {'timestamp': datetime.datetime(2025, 4, 19, 2, 2, 56), 'latitude': 41.7626646626741, 'longitude': -88.12131919898091}]"
input_videos\GRMN0960.MP4,output_clips\GRMN0960_clip_002.mp4,2,10.014333,False,"[{'timestamp': datetime.datetime(2025, 4, 19, 2, 2, 57), 'latitude': 41.7626955080777, 'longitude': -88.12130721285949}, {'timestamp': datetime.datetime(2025, 4, 19, 2, 2, 58), 'latitude': 41.7627323884517, 'longitude': -88.12129673548041}, {'timestamp': datetime.datetime(2025, 4, 19, 2, 2, 59), 'latitude': 41.7627856135368, 'longitude': -88.12127888202671}, {'timestamp': datetime.datetime(2025, 4, 19, 2, 3), 'latitude': 41.762852082029, 'longitude': -88.12125717289751}, {'timestamp': datetime.datetime(2025, 4, 19, 2, 3, 1), 'latitude': 41.7629343084991, 'longitude': -88.12123571522532}, {'timestamp': datetime.datetime(2025, 4, 19, 2, 3, 2), 'latitude': 41.7630290240049, 'longitude': -88.12121459282932}, {'timestamp': datetime.datetime(2025, 4, 19, 2, 3, 3), 'latitude': 41.7631301097572, 'longitude': -88.12119648791852}, {'timestamp': datetime.datetime(2025, 4, 19, 2, 3, 4), 'latitude': 41.7632243223488, 'longitude': -88.12117645516993}, {'timestamp': datetime.datetime(2025, 4, 19, 2, 3, 5), 'latitude': 41.7633342929184, 'longitude': -88.12115809880227}, {'timestamp': datetime.datetime(2025, 4, 19, 2, 3, 6), 'latitude': 41.7634638771415, 'longitude': -88.12112918123628}]"
input_videos\GRMN0960.MP4,output_clips\GRMN0960_clip_003.mp4,3,10.01,False,"[{'timestamp': datetime.datetime(2025, 4, 19, 2, 3, 7), 'latitude': 41.7635870072991, 'longitude': -88.12111275270583}, {'timestamp': datetime.datetime(2025, 4, 19, 2, 3, 8), 'latitude': 41.7637176811695, 'longitude': -88.1210999283943}, {'timestamp': datetime.datetime(2025, 4, 19, 2, 3, 9), 'latitude': 41.7638392187655, 'longitude': -88.12108517624443}, {'timestamp': datetime.datetime(2025, 4, 19, 2, 3, 10), 'latitude': 41.7639671266079, 'longitude': -88.12107243575163}, {'timestamp': datetime.datetime(2025, 4, 19, 2, 3, 11), 'latitude': 41.7640897538513, 'longitude': -88.12105835415423}, {'timestamp': datetime.datetime(2025, 4, 19, 2, 3, 12), 'latitude': 41.7642142251134, 'longitude': -88.12104402109983}, {'timestamp': datetime.datetime(2025, 4, 19, 2, 3, 13), 'latitude': 41.7643335834146, 'longitude': -88.1210312806073}, {'timestamp': datetime.datetime(2025, 4, 19, 2, 3, 14), 'latitude': 41.7644582223147, 'longitude': -88.12101837247613}, {'timestamp': datetime.datetime(2025, 4, 19, 2, 3, 15), 'latitude': 41.7645789217204, 'longitude': -88.12100638635464}, {'timestamp': datetime.datetime(2025, 4, 19, 2, 3, 16), 'latitude': 41.7647006269544, 'longitude': -88.12099213711923}]"
input_videos\GRMN0960.MP4,output_clips\GRMN0960_clip_004.mp4,4,10.026667,False,"[{'timestamp': datetime.datetime(2025, 4, 19, 2, 3, 17), 'latitude': 41.7648230027407, 'longitude': -88.12097730115063}, {'timestamp': datetime.datetime(2025, 4, 19, 2, 3, 18), 'latitude': 41.7649475578219, 'longitude': -88.12096238136293}, {'timestamp': datetime.datetime(2025, 4, 19, 2, 3, 19), 'latitude': 41.7650682572275, 'longitude': -88.12094813212752}, {'timestamp': datetime.datetime(2025, 4, 19, 2, 3, 20), 'latitude': 41.7651940695941, 'longitude': -88.12093287706384}, {'timestamp': datetime.datetime(2025, 4, 19, 2, 3, 21), 'latitude': 41.7653166130185, 'longitude': -88.12091812491423}, {'timestamp': datetime.datetime(2025, 4, 19, 2, 3, 22), 'latitude': 41.7654443532228, 'longitude': -88.12089968472723}, {'timestamp': datetime.datetime(2025, 4, 19, 2, 3, 23), 'latitude': 41.7655656393617, 'longitude': -88.12088099308313}, {'timestamp': datetime.datetime(2025, 4, 19, 2, 3, 24), 'latitude': 41.7656900268048, 'longitude': -88.12086028978233}, {'timestamp': datetime.datetime(2025, 4, 19, 2, 3, 25), 'latitude': 41.7658109776676, 'longitude': -88.12084017321473}, {'timestamp': datetime.datetime(2025, 4, 19, 2, 3, 26), 'latitude': 41.7659391369671, 'longitude': -88.12081821262844}]"
input_videos\GRMN0960.MP4,output_clips\GRMN0960_clip_005.mp4,5,10.01,False,"[{'timestamp': datetime.datetime(2025, 4, 19, 2, 3, 27), 'latitude': 41.7660583276302, 'longitude': -88.1207987666133}, {'timestamp': datetime.datetime(2025, 4, 19, 2, 3, 28), 'latitude': 41.7661811225116, 'longitude': -88.12077730894093}, {'timestamp': datetime.datetime(2025, 4, 19, 2, 3, 29), 'latitude': 41.7663012351841, 'longitude': -88.12075803056364}, {'timestamp': datetime.datetime(2025, 4, 19, 2, 3, 30), 'latitude': 41.7664235271513, 'longitude': -88.12074000947183}, {'timestamp': datetime.datetime(2025, 4, 19, 2, 3, 31), 'latitude': 41.7665430530906, 'longitude': -88.12072349712253}, {'timestamp': datetime.datetime(2025, 4, 19, 2, 3, 32), 'latitude': 41.7666681949049, 'longitude': -88.12070555984972}, {'timestamp': datetime.datetime(2025, 4, 19, 2, 3, 33), 'latitude': 41.7667955998331, 'longitude': -88.12068603001534}, {'timestamp': datetime.datetime(2025, 4, 19, 2, 3, 34), 'latitude': 41.7669287044555, 'longitude': -88.12066440470524}, {'timestamp': datetime.datetime(2025, 4, 19, 2, 3, 35), 'latitude': 41.7670566961169, 'longitude': -88.12064537778532}, {'timestamp': datetime.datetime(2025, 4, 19, 2, 3, 36), 'latitude': 41.7671786528081, 'longitude': -88.12062752433123}]"
input_videos\GRMN0961.MP4,output_clips\GRMN0961_clip_000.mp4,0,10.017333,False,"[{'timestamp': datetime.datetime(2025, 4, 19, 2, 3, 37), 'latitude': 41.7672956641763, 'longitude': -88.12061302363873}, {'timestamp': datetime.datetime(2025, 4, 19, 2, 3, 38), 'latitude': 41.7674129270017, 'longitude': -88.12059340998533}, {'timestamp': datetime.datetime(2025, 4, 19, 2, 3, 39), 'latitude': 41.7675349675119, 'longitude': -88.12057505361743}, {'timestamp': datetime.datetime(2025, 4, 19, 2, 3, 40), 'latitude': 41.7676582653075, 'longitude': -88.12055502086884}, {'timestamp': datetime.datetime(2025, 4, 19, 2, 3, 41), 'latitude': 41.7677867598832, 'longitude': -88.12052685767414}, {'timestamp': datetime.datetime(2025, 4, 19, 2, 3, 42), 'latitude': 41.7679196130484, 'longitude': -88.12049928121273}, {'timestamp': datetime.datetime(2025, 4, 19, 2, 3, 43), 'latitude': 41.7680536396801, 'longitude': -88.12047421932223}, {'timestamp': datetime.datetime(2025, 4, 19, 2, 3, 44), 'latitude': 41.7681887559593, 'longitude': -88.12045217491693}, {'timestamp': datetime.datetime(2025, 4, 19, 2, 3, 45), 'latitude': 41.7683166638017, 'longitude': -88.12043163925414}, {'timestamp': datetime.datetime(2025, 4, 19, 2, 3, 46), 'latitude': 41.7684501875192, 'longitude': -88.12040808610624}]"
input_videos\GRMN0961.MP4,output_clips\GRMN0961_clip_001.mp4,1,10.012333,False,"[{'timestamp': datetime.datetime(2025, 4, 19, 2, 3, 47), 'latitude': 41.7685735691339, 'longitude': -88.12039132229984}, {'timestamp': datetime.datetime(2025, 4, 19, 2, 3, 48), 'latitude': 41.7687015607953, 'longitude': -88.12037372030323}, {'timestamp': datetime.datetime(2025, 4, 19, 2, 3, 49), 'latitude': 41.7688236851245, 'longitude': -88.12035687267783}, {'timestamp': datetime.datetime(2025, 4, 19, 2, 3, 50), 'latitude': 41.7689427081496, 'longitude': -88.12034614384173}, {'timestamp': datetime.datetime(2025, 4, 19, 2, 3, 51), 'latitude': 41.7690633237362, 'longitude': -88.12033256515863}, {'timestamp': datetime.datetime(2025, 4, 19, 2, 3, 52), 'latitude': 41.7691867053509, 'longitude': -88.120320327583}, {'timestamp': datetime.datetime(2025, 4, 19, 2, 3, 53), 'latitude': 41.7693003639579, 'longitude': -88.12031026929623}, {'timestamp': datetime.datetime(2025, 4, 19, 2, 3, 54), 'latitude': 41.7694163694978, 'longitude': -88.12029727734632}, {'timestamp': datetime.datetime(2025, 4, 19, 2, 3, 55), 'latitude': 41.7695312015712, 'longitude': -88.12028763815763}, {'timestamp': datetime.datetime(2025, 4, 19, 2, 3, 56), 'latitude': 41.7696399148554, 'longitude': -88.12027799896929}]"
input_videos\GRMN0961.MP4,output_clips\GRMN0961_clip_002.mp4,2,10.028667,False,"[{'timestamp': datetime.datetime(2025, 4, 19, 2, 3, 57), 'latitude': 41.7697607818991, 'longitude': -88.12026559375234}, {'timestamp': datetime.datetime(2025, 4, 19, 2, 3, 58), 'latitude': 41.7698774579912, 'longitude': -88.12025461345912}, {'timestamp': datetime.datetime(2025, 4, 19, 2, 3, 59), 'latitude': 41.7700031865388, 'longitude': -88.12024036422373}, {'timestamp': datetime.datetime(2025, 4, 19, 2, 4), 'latitude': 41.7701179347932, 'longitude': -88.12022712081672}, {'timestamp': datetime.datetime(2025, 4, 19, 2, 4, 1), 'latitude': 41.7702328506857, 'longitude': -88.12021278776233}, {'timestamp': datetime.datetime(2025, 4, 19, 2, 4, 2), 'latitude': 41.7703484371305, 'longitude': -88.12019912526013}, {'timestamp': datetime.datetime(2025, 4, 19, 2, 4, 3), 'latitude': 41.7704617604613, 'longitude': -88.12018747441473}, {'timestamp': datetime.datetime(2025, 4, 19, 2, 4, 4), 'latitude': 41.7705682106316, 'longitude': -88.12017708085483}, {'timestamp': datetime.datetime(2025, 4, 19, 2, 4, 5), 'latitude': 41.770669715479, 'longitude': -88.12016744166613}, {'timestamp': datetime.datetime(2025, 4, 19, 2, 4, 6), 'latitude': 41.7707657720894, 'longitude': -88.12015805393463}]"
input_videos\GRMN0961.MP4,output_clips\GRMN0961_clip_003.mp4,3,10.024333,False,"[{'timestamp': datetime.datetime(2025, 4, 19, 2, 4, 7), 'latitude': 41.7708532791585, 'longitude': -88.12015109695493}, {'timestamp': datetime.datetime(2025, 4, 19, 2, 4, 8), 'latitude': 41.7709266208112, 'longitude': -88.12013852410021}, {'timestamp': datetime.datetime(2025, 4, 19, 2, 4, 9), 'latitude': 41.770986802876, 'longitude': -88.12010533176361}, {'timestamp': datetime.datetime(2025, 4, 19, 2, 4, 10), 'latitude': 41.7710246890783, 'longitude': -88.12003886327152}, {'timestamp': datetime.datetime(2025, 4, 19, 2, 4, 11), 'latitude': 41.7710380163044, 'longitude': -88.11995244584982}, {'timestamp': datetime.datetime(2025, 4, 19, 2, 4, 12), 'latitude': 41.7710312269628, 'longitude': -88.11985504813491}, {'timestamp': datetime.datetime(2025, 4, 19, 2, 4, 13), 'latitude': 41.7710230126977, 'longitude': -88.11974465847022}, {'timestamp': datetime.datetime(2025, 4, 19, 2, 4, 14), 'latitude': 41.7710114456713, 'longitude': -88.11961616389452}, {'timestamp': datetime.datetime(2025, 4, 19, 2, 4, 15), 'latitude': 41.7709996271878, 'longitude': -88.11947140842682}, {'timestamp': datetime.datetime(2025, 4, 19, 2, 4, 16), 'latitude': 41.7709871381521, 'longitude': -88.11931491829452}]"
input_videos\GRMN0961.MP4,output_clips\GRMN0961_clip_004.mp4,4,10.019333,False,"[{'timestamp': datetime.datetime(2025, 4, 19, 2, 4, 17), 'latitude': 41.770978756249, 'longitude': -88.11916161328553}, {'timestamp': datetime.datetime(2025, 4, 19, 2, 4, 18), 'latitude': 41.7709687817842, 'longitude': -88.11900554224853}, {'timestamp': datetime.datetime(2025, 4, 19, 2, 4, 19), 'latitude': 41.7709596455097, 'longitude': -88.11885265633462}, {'timestamp': datetime.datetime(2025, 4, 19, 2, 4, 20), 'latitude': 41.7709487490356, 'longitude': -88.11868920922282}, {'timestamp': datetime.datetime(2025, 4, 19, 2, 4, 21), 'latitude': 41.7709370981902, 'longitude': -88.11852609738713}, {'timestamp': datetime.datetime(2025, 4, 19, 2, 4, 22), 'latitude': 41.7709248606116, 'longitude': -88.11836373992263}, {'timestamp': datetime.datetime(2025, 4, 19, 2, 4, 23), 'latitude': 41.7709124553949, 'longitude': -88.11820724979043}, {'timestamp': datetime.datetime(2025, 4, 19, 2, 4, 24), 'latitude': 41.7708986252546, 'longitude': -88.11804908327763}, {'timestamp': datetime.datetime(2025, 4, 19, 2, 4, 25), 'latitude': 41.7708894889802, 'longitude': -88.11790315434342}, {'timestamp': datetime.datetime(2025, 4, 19, 2, 4, 26), 'latitude': 41.7708893213421, 'longitude': -88.11774666421123}]"
input_videos\GRMN0961.MP4,output_clips\GRMN0961_clip_005.mp4,5,10.01,False,"[{'timestamp': datetime.datetime(2025, 4, 19, 2, 4, 27), 'latitude': 41.7709003016353, 'longitude': -88.11758053489032}, {'timestamp': datetime.datetime(2025, 4, 19, 2, 4, 28), 'latitude': 41.7709197476506, 'longitude': -88.11742572113873}, {'timestamp': datetime.datetime(2025, 4, 19, 2, 4, 29), 'latitude': 41.7709403671324, 'longitude': -88.11727710999553}, {'timestamp': datetime.datetime(2025, 4, 19, 2, 4, 30), 'latitude': 41.7709536105394, 'longitude': -88.11712061986333}, {'timestamp': datetime.datetime(2025, 4, 19, 2, 4, 31), 'latitude': 41.7709559574723, 'longitude': -88.11696622520692}, {'timestamp': datetime.datetime(2025, 4, 19, 2, 4, 32), 'latitude': 41.7709515988827, 'longitude': -88.11682482250033}, {'timestamp': datetime.datetime(2025, 4, 19, 2, 4, 33), 'latitude': 41.770944558084, 'longitude': -88.11667193658653}, {'timestamp': datetime.datetime(2025, 4, 19, 2, 4, 34), 'latitude': 41.7709373496473, 'longitude': -88.11652231961493}, {'timestamp': datetime.datetime(2025, 4, 19, 2, 4, 35), 'latitude': 41.7709274590015, 'longitude': -88.11637546867132}, {'timestamp': datetime.datetime(2025, 4, 19, 2, 4, 36), 'latitude': 41.7709198314697, 'longitude': -88.11623306013642}]"
input_videos\GRMN0962.MP4,output_clips\GRMN0962_clip_000.mp4,0,10.010333,False,"[{'timestamp': datetime.datetime(2025, 4, 19, 2, 4, 37), 'latitude': 41.7709091026336, 'longitude': -88.11610129661862}, {'timestamp': datetime.datetime(2025, 4, 19, 2, 4, 38), 'latitude': 41.7708948533982, 'longitude': -88.11596718616782}, {'timestamp': datetime.datetime(2025, 4, 19, 2, 4, 39), 'latitude': 41.770875742659, 'longitude': -88.11584036797292}, {'timestamp': datetime.datetime(2025, 4, 19, 2, 4, 40), 'latitude': 41.7708512675017, 'longitude': -88.11571061611183}, {'timestamp': datetime.datetime(2025, 4, 19, 2, 4, 41), 'latitude': 41.7708221822977, 'longitude': -88.11558379791683}, {'timestamp': datetime.datetime(2025, 4, 19, 2, 4, 42), 'latitude': 41.7707919236273, 'longitude': -88.11546536162523}, {'timestamp': datetime.datetime(2025, 4, 19, 2, 4, 43), 'latitude': 41.7707698792219, 'longitude': -88.11535882763562}, {'timestamp': datetime.datetime(2025, 4, 19, 2, 4, 44), 'latitude': 41.7707642633468, 'longitude': -88.11526218429212}, {'timestamp': datetime.datetime(2025, 4, 19, 2, 4, 45), 'latitude': 41.7707804404199, 'longitude': -88.11520284041761}, {'timestamp': datetime.datetime(2025, 4, 19, 2, 4, 46), 'latitude': 41.770815141499, 'longitude': -88.11513544991611}]"
input_videos\GRMN0962.MP4,output_clips\GRMN0962_clip_001.mp4,1,10.026667,False,"[{'timestamp': datetime.datetime(2025, 4, 19, 2, 4, 47), 'latitude': 41.7708535306156, 'longitude': -88.11509110964832}, {'timestamp': datetime.datetime(2025, 4, 19, 2, 4, 48), 'latitude': 41.770899631083, 'longitude': -88.1150542292744}, {'timestamp': datetime.datetime(2025, 4, 19, 2, 4, 49), 'latitude': 41.7709486652166, 'longitude': -88.11502916738391}, {'timestamp': datetime.datetime(2025, 4, 19, 2, 4, 50), 'latitude': 41.7709944304079, 'longitude': -88.11501475051051}, {'timestamp': datetime.datetime(2025, 4, 19, 2, 4, 51), 'latitude': 41.771034412086, 'longitude': -88.11501407995829}, {'timestamp': datetime.datetime(2025, 4, 19, 2, 4, 52), 'latitude': 41.7710598930717, 'longitude': -88.11502170749016}, {'timestamp': datetime.datetime(2025, 4, 19, 2, 4, 53), 'latitude': 41.7710743937641, 'longitude': -88.11503101140264}, {'timestamp': datetime.datetime(2025, 4, 19, 2, 4, 54), 'latitude': 41.7710896488279, 'longitude': -88.11503763310613}, {'timestamp': datetime.datetime(2025, 4, 19, 2, 4, 55), 'latitude': 41.7711025569588, 'longitude': -88.11504442244772}, {'timestamp': datetime.datetime(2025, 4, 19, 2, 4, 56), 'latitude': 41.7711133696139, 'longitude': -88.11505741439763}]"
input_videos\GRMN0962.MP4,output_clips\GRMN0962_clip_002.mp4,2,10.022333,False,"[{'timestamp': datetime.datetime(2025, 4, 19, 2, 4, 57), 'latitude': 41.771116387099, 'longitude': -88.11507082544271}, {'timestamp': datetime.datetime(2025, 4, 19, 2, 4, 58), 'latitude': 41.7711224220693, 'longitude': -88.115082308651}, {'timestamp': datetime.datetime(2025, 4, 19, 2, 4, 59), 'latitude': 41.7711265292019, 'longitude': -88.11509245075291}, {'timestamp': datetime.datetime(2025, 4, 19, 2, 5), 'latitude': 41.7711285408586, 'longitude': -88.11510510742661}, {'timestamp': datetime.datetime(2025, 4, 19, 2, 5, 1), 'latitude': 41.7711292952299, 'longitude': -88.11511558480561}, {'timestamp': datetime.datetime(2025, 4, 19, 2, 5, 2), 'latitude': 41.7711328156292, 'longitude': -88.11512757092711}, {'timestamp': datetime.datetime(2025, 4, 19, 2, 5, 3), 'latitude': 41.7711341567338, 'longitude': -88.11513620428741}, {'timestamp': datetime.datetime(2025, 4, 19, 2, 5, 4), 'latitude': 41.771132228896, 'longitude': -88.11514031142}, {'timestamp': datetime.datetime(2025, 4, 19, 2, 5, 5), 'latitude': 41.7711314745247, 'longitude': -88.115137796849}, {'timestamp': datetime.datetime(2025, 4, 19, 2, 5, 6), 'latitude': 41.7711314745247, 'longitude': -88.115137796849}]"
input_videos\GRMN0962.MP4,output_clips\GRMN0962_clip_003.mp4,3,10.017333,False,"[{'timestamp': datetime.datetime(2025, 4, 19, 2, 5, 7), 'latitude': 41.7711314745247, 'longitude': -88.115137796849}, {'timestamp': datetime.datetime(2025, 4, 19, 2, 5, 8), 'latitude': 41.7711314745247, 'longitude': -88.115137796849}, {'timestamp': datetime.datetime(2025, 4, 19, 2, 5, 9), 'latitude': 41.7711314745247, 'longitude': -88.115137796849}, {'timestamp': datetime.datetime(2025, 4, 19, 2, 5, 10), 'latitude': 41.7711314745247, 'longitude': -88.115137796849}, {'timestamp': datetime.datetime(2025, 4, 19, 2, 5, 11), 'latitude': 41.7711314745247, 'longitude': -88.115137796849}, {'timestamp': datetime.datetime(2025, 4, 19, 2, 5, 12), 'latitude': 41.7711314745247, 'longitude': -88.115137796849}, {'timestamp': datetime.datetime(2025, 4, 19, 2, 5, 13), 'latitude': 41.7711314745247, 'longitude': -88.115137796849}, {'timestamp': datetime.datetime(2025, 4, 19, 2, 5, 14), 'latitude': 41.7711314745247, 'longitude': -88.115137796849}, {'timestamp': datetime.datetime(2025, 4, 19, 2, 5, 15), 'latitude': 41.7711314745247, 'longitude': -88.115137796849}, {'timestamp': datetime.datetime(2025, 4, 19, 2, 5, 16), 'latitude': 41.7711314745247, 'longitude': -88.115137796849}]"
input_videos\GRMN0962.MP4,output_clips\GRMN0962_clip_004.mp4,4,10.013333,False,"[{'timestamp': datetime.datetime(2025, 4, 19, 2, 5, 17), 'latitude': 41.7711314745247, 'longitude': -88.115137796849}, {'timestamp': datetime.datetime(2025, 4, 19, 2, 5, 18), 'latitude': 41.7711314745247, 'longitude': -88.115137796849}, {'timestamp': datetime.datetime(2025, 4, 19, 2, 5, 19), 'latitude': 41.7711314745247, 'longitude': -88.115137796849}, {'timestamp': datetime.datetime(2025, 4, 19, 2, 5, 20), 'latitude': 41.7711314745247, 'longitude': -88.115137796849}, {'timestamp': datetime.datetime(2025, 4, 19, 2, 5, 21), 'latitude': 41.7711314745247, 'longitude': -88.115137796849}, {'timestamp': datetime.datetime(2025, 4, 19, 2, 5, 22), 'latitude': 41.7711314745247, 'longitude': -88.115137796849}, {'timestamp': datetime.datetime(2025, 4, 19, 2, 5, 23), 'latitude': 41.7711314745247, 'longitude': -88.115137796849}, {'timestamp': datetime.datetime(2025, 4, 19, 2, 5, 24), 'latitude': 41.7711314745247, 'longitude': -88.115137796849}, {'timestamp': datetime.datetime(2025, 4, 19, 2, 5, 25), 'latitude': 41.7711314745247, 'longitude': -88.115137796849}, {'timestamp': datetime.datetime(2025, 4, 19, 2, 5, 26), 'latitude': 41.7711314745247, 'longitude': -88.115137796849}]"
input_videos\GRMN0962.MP4,output_clips\GRMN0962_clip_005.mp4,5,10.01,False,"[{'timestamp': datetime.datetime(2025, 4, 19, 2, 5, 27), 'latitude': 41.7711314745247, 'longitude': -88.115137796849}, {'timestamp': datetime.datetime(2025, 4, 19, 2, 5, 28), 'latitude': 41.7711314745247, 'longitude': -88.115137796849}, {'timestamp': datetime.datetime(2025, 4, 19, 2, 5, 29), 'latitude': 41.7711314745247, 'longitude': -88.115137796849}, {'timestamp': datetime.datetime(2025, 4, 19, 2, 5, 30), 'latitude': 41.7711314745247, 'longitude': -88.115137796849}, {'timestamp': datetime.datetime(2025, 4, 19, 2, 5, 31), 'latitude': 41.7711314745247, 'longitude': -88.115137796849}, {'timestamp': datetime.datetime(2025, 4, 19, 2, 5, 32), 'latitude': 41.7711314745247, 'longitude': -88.115137796849}, {'timestamp': datetime.datetime(2025, 4, 19, 2, 5, 33), 'latitude': 41.7711314745247, 'longitude': -88.115137796849}, {'timestamp': datetime.datetime(2025, 4, 19, 2, 5, 34), 'latitude': 41.7711314745247, 'longitude': -88.115137796849}, {'timestamp': datetime.datetime(2025, 4, 19, 2, 5, 35), 'latitude': 41.7711314745247, 'longitude': -88.115137796849}, {'timestamp': datetime.datetime(2025, 4, 19, 2, 5, 36), 'latitude': 41.7711314745247, 'longitude': -88.115137796849}]"
input_videos\GRMN0963.MP4,output_clips\GRMN0963_clip_000.mp4,0,10.025333,False,"[{'timestamp': datetime.datetime(2025, 4, 19, 2, 5, 37), 'latitude': 41.7711314745247, 'longitude': -88.115137796849}, {'timestamp': datetime.datetime(2025, 4, 19, 2, 5, 38), 'latitude': 41.7711314745247, 'longitude': -88.115137796849}, {'timestamp': datetime.datetime(2025, 4, 19, 2, 5, 39), 'latitude': 41.7711314745247, 'longitude': -88.115137796849}, {'timestamp': datetime.datetime(2025, 4, 19, 2, 5, 40), 'latitude': 41.7711314745247, 'longitude': -88.115137796849}, {'timestamp': datetime.datetime(2025, 4, 19, 2, 5, 41), 'latitude': 41.7711314745247, 'longitude': -88.115137796849}, {'timestamp': datetime.datetime(2025, 4, 19, 2, 5, 42), 'latitude': 41.7711314745247, 'longitude': -88.115137796849}, {'timestamp': datetime.datetime(2025, 4, 19, 2, 5, 43), 'latitude': 41.7711314745247, 'longitude': -88.115137796849}, {'timestamp': datetime.datetime(2025, 4, 19, 2, 5, 44), 'latitude': 41.7711314745247, 'longitude': -88.115137796849}, {'timestamp': datetime.datetime(2025, 4, 19, 2, 5, 45), 'latitude': 41.7711314745247, 'longitude': -88.115137796849}, {'timestamp': datetime.datetime(2025, 4, 19, 2, 5, 46), 'latitude': 41.7711314745247, 'longitude': -88.115137796849}]"
input_videos\GRMN0963.MP4,output_clips\GRMN0963_clip_001.mp4,1,10.020333,False,"[{'timestamp': datetime.datetime(2025, 4, 19, 2, 5, 47), 'latitude': 41.7711314745247, 'longitude': -88.115137796849}, {'timestamp': datetime.datetime(2025, 4, 19, 2, 5, 48), 'latitude': 41.7711314745247, 'longitude': -88.115137796849}, {'timestamp': datetime.datetime(2025, 4, 19, 2, 5, 49), 'latitude': 41.7711314745247, 'longitude': -88.115137796849}, {'timestamp': datetime.datetime(2025, 4, 19, 2, 5, 50), 'latitude': 41.7711314745247, 'longitude': -88.115137796849}, {'timestamp': datetime.datetime(2025, 4, 19, 2, 5, 51), 'latitude': 41.7711314745247, 'longitude': -88.115137796849}, {'timestamp': datetime.datetime(2025, 4, 19, 2, 5, 52), 'latitude': 41.7711314745247, 'longitude': -88.115137796849}, {'timestamp': datetime.datetime(2025, 4, 19, 2, 5, 53), 'latitude': 41.7711314745247, 'longitude': -88.115137796849}, {'timestamp': datetime.datetime(2025, 4, 19, 2, 5, 54), 'latitude': 41.7711314745247, 'longitude': -88.115137796849}, {'timestamp': datetime.datetime(2025, 4, 19, 2, 5, 55), 'latitude': 41.7711314745247, 'longitude': -88.115137796849}, {'timestamp': datetime.datetime(2025, 4, 19, 2, 5, 56), 'latitude': 41.7711314745247, 'longitude': -88.115137796849}]"
input_videos\GRMN0963.MP4,output_clips\GRMN0963_clip_002.mp4,2,10.015333,False,"[{'timestamp': datetime.datetime(2025, 4, 19, 2, 5, 57), 'latitude': 41.7711314745247, 'longitude': -88.115137796849}, {'timestamp': datetime.datetime(2025, 4, 19, 2, 5, 58), 'latitude': 41.7711314745247, 'longitude': -88.115137796849}, {'timestamp': datetime.datetime(2025, 4, 19, 2, 5, 59), 'latitude': 41.7711314745247, 'longitude': -88.115137796849}, {'timestamp': datetime.datetime(2025, 4, 19, 2, 6), 'latitude': 41.7711314745247, 'longitude': -88.115137796849}, {'timestamp': datetime.datetime(2025, 4, 19, 2, 6, 1), 'latitude': 41.7711314745247, 'longitude': -88.115137796849}, {'timestamp': datetime.datetime(2025, 4, 19, 2, 6, 2), 'latitude': 41.7711314745247, 'longitude': -88.115137796849}, {'timestamp': datetime.datetime(2025, 4, 19, 2, 6, 3), 'latitude': 41.7711314745247, 'longitude': -88.115137796849}, {'timestamp': datetime.datetime(2025, 4, 19, 2, 6, 4), 'latitude': 41.7711314745247, 'longitude': -88.115137796849}, {'timestamp': datetime.datetime(2025, 4, 19, 2, 6, 5), 'latitude': 41.7711314745247, 'longitude': -88.115137796849}, {'timestamp': datetime.datetime(2025, 4, 19, 2, 6, 6), 'latitude': 41.7711314745247, 'longitude': -88.115137796849}]"
input_videos\GRMN0963.MP4,output_clips\GRMN0963_clip_003.mp4,3,10.011333,False,"[{'timestamp': datetime.datetime(2025, 4, 19, 2, 6, 7), 'latitude': 41.7711314745247, 'longitude': -88.115137796849}, {'timestamp': datetime.datetime(2025, 4, 19, 2, 6, 8), 'latitude': 41.7711314745247, 'longitude': -88.115137796849}, {'timestamp': datetime.datetime(2025, 4, 19, 2, 6, 9), 'latitude': 41.7711314745247, 'longitude': -88.115137796849}, {'timestamp': datetime.datetime(2025, 4, 19, 2, 6, 10), 'latitude': 41.7711314745247, 'longitude': -88.115137796849}, {'timestamp': datetime.datetime(2025, 4, 19, 2, 6, 11), 'latitude': 41.7711314745247, 'longitude': -88.115137796849}, {'timestamp': datetime.datetime(2025, 4, 19, 2, 6, 12), 'latitude': 41.7711314745247, 'longitude': -88.115137796849}, {'timestamp': datetime.datetime(2025, 4, 19, 2, 6, 13), 'latitude': 41.7711314745247, 'longitude': -88.115137796849}, {'timestamp': datetime.datetime(2025, 4, 19, 2, 6, 14), 'latitude': 41.7711314745247, 'longitude': -88.115137796849}, {'timestamp': datetime.datetime(2025, 4, 19, 2, 6, 15), 'latitude': 41.7711314745247, 'longitude': -88.115137796849}, {'timestamp': datetime.datetime(2025, 4, 19, 2, 6, 16), 'latitude': 41.7711314745247, 'longitude': -88.115137796849}]"
input_videos\GRMN0963.MP4,output_clips\GRMN0963_clip_004.mp4,4,10.027667,False,"[{'timestamp': datetime.datetime(2025, 4, 19, 2, 6, 17), 'latitude': 41.7711314745247, 'longitude': -88.115137796849}, {'timestamp': datetime.datetime(2025, 4, 19, 2, 6, 18), 'latitude': 41.7711314745247, 'longitude': -88.115137796849}, {'timestamp': datetime.datetime(2025, 4, 19, 2, 6, 19), 'latitude': 41.7711314745247, 'longitude': -88.115137796849}, {'timestamp': datetime.datetime(2025, 4, 19, 2, 6, 20), 'latitude': 41.7711314745247, 'longitude': -88.115137796849}, {'timestamp': datetime.datetime(2025, 4, 19, 2, 6, 21), 'latitude': 41.7711314745247, 'longitude': -88.115137796849}, {'timestamp': datetime.datetime(2025, 4, 19, 2, 6, 22), 'latitude': 41.7711314745247, 'longitude': -88.115137796849}, {'timestamp': datetime.datetime(2025, 4, 19, 2, 6, 23), 'latitude': 41.7711314745247, 'longitude': -88.115137796849}, {'timestamp': datetime.datetime(2025, 4, 19, 2, 6, 24), 'latitude': 41.7711314745247, 'longitude': -88.115137796849}, {'timestamp': datetime.datetime(2025, 4, 19, 2, 6, 25), 'latitude': 41.7711314745247, 'longitude': -88.115137796849}, {'timestamp': datetime.datetime(2025, 4, 19, 2, 6, 26), 'latitude': 41.7711314745247, 'longitude': -88.115137796849}]"
input_videos\GRMN0963.MP4,output_clips\GRMN0963_clip_005.mp4,5,10.01,False,"[{'timestamp': datetime.datetime(2025, 4, 19, 2, 6, 27), 'latitude': 41.7711314745247, 'longitude': -88.115137796849}, {'timestamp': datetime.datetime(2025, 4, 19, 2, 6, 28), 'latitude': 41.7711314745247, 'longitude': -88.115137796849}, {'timestamp': datetime.datetime(2025, 4, 19, 2, 6, 29), 'latitude': 41.7711314745247, 'longitude': -88.115137796849}, {'timestamp': datetime.datetime(2025, 4, 19, 2, 6, 30), 'latitude': 41.7711314745247, 'longitude': -88.115137796849}, {'timestamp': datetime.datetime(2025, 4, 19, 2, 6, 31), 'latitude': 41.7711314745247, 'longitude': -88.115137796849}, {'timestamp': datetime.datetime(2025, 4, 19, 2, 6, 32), 'latitude': 41.7711314745247, 'longitude': -88.115137796849}, {'timestamp': datetime.datetime(2025, 4, 19, 2, 6, 33), 'latitude': 41.7711314745247, 'longitude': -88.115137796849}, {'timestamp': datetime.datetime(2025, 4, 19, 2, 6, 34), 'latitude': 41.7711314745247, 'longitude': -88.115137796849}, {'timestamp': datetime.datetime(2025, 4, 19, 2, 6, 35), 'latitude': 41.7711314745247, 'longitude': -88.115137796849}, {'timestamp': datetime.datetime(2025, 4, 19, 2, 6, 36), 'latitude': 41.7711314745247, 'longitude': -88.115137796849}]"
input_videos\GRMN0964.MP4,output_clips\GRMN0964_clip_000.mp4,0,10.018333,False,"[{'timestamp': datetime.datetime(2025, 4, 19, 2, 6, 37), 'latitude': 41.7711314745247, 'longitude': -88.115137796849}, {'timestamp': datetime.datetime(2025, 4, 19, 2, 6, 38), 'latitude': 41.7711314745247, 'longitude': -88.115137796849}, {'timestamp': datetime.datetime(2025, 4, 19, 2, 6, 39), 'latitude': 41.7711314745247, 'longitude': -88.115137796849}, {'timestamp': datetime.datetime(2025, 4, 19, 2, 6, 40), 'latitude': 41.7711314745247, 'longitude': -88.115137796849}, {'timestamp': datetime.datetime(2025, 4, 19, 2, 6, 41), 'latitude': 41.7711314745247, 'longitude': -88.115137796849}, {'timestamp': datetime.datetime(2025, 4, 19, 2, 6, 42), 'latitude': 41.7711314745247, 'longitude': -88.115137796849}, {'timestamp': datetime.datetime(2025, 4, 19, 2, 6, 43), 'latitude': 41.7711314745247, 'longitude': -88.115137796849}, {'timestamp': datetime.datetime(2025, 4, 19, 2, 6, 44), 'latitude': 41.7711314745247, 'longitude': -88.115137796849}, {'timestamp': datetime.datetime(2025, 4, 19, 2, 6, 45), 'latitude': 41.7711314745247, 'longitude': -88.115137796849}, {'timestamp': datetime.datetime(2025, 4, 19, 2, 6, 46), 'latitude': 41.7711314745247, 'longitude': -88.115137796849}]"
input_videos\GRMN0964.MP4,output_clips\GRMN0964_clip_001.mp4,1,10.013333,False,"[{'timestamp': datetime.datetime(2025, 4, 19, 2, 6, 47), 'latitude': 41.7711314745247, 'longitude': -88.115137796849}, {'timestamp': datetime.datetime(2025, 4, 19, 2, 6, 48), 'latitude': 41.7711314745247, 'longitude': -88.115137796849}, {'timestamp': datetime.datetime(2025, 4, 19, 2, 6, 49), 'latitude': 41.7711314745247, 'longitude': -88.115137796849}, {'timestamp': datetime.datetime(2025, 4, 19, 2, 6, 50), 'latitude': 41.7711314745247, 'longitude': -88.115137796849}, {'timestamp': datetime.datetime(2025, 4, 19, 2, 6, 51), 'latitude': 41.7711314745247, 'longitude': -88.115137796849}, {'timestamp': datetime.datetime(2025, 4, 19, 2, 6, 52), 'latitude': 41.7711314745247, 'longitude': -88.115137796849}, {'timestamp': datetime.datetime(2025, 4, 19, 2, 6, 53), 'latitude': 41.7711314745247, 'longitude': -88.115137796849}, {'timestamp': datetime.datetime(2025, 4, 19, 2, 6, 54), 'latitude': 41.7711314745247, 'longitude': -88.115137796849}, {'timestamp': datetime.datetime(2025, 4, 19, 2, 6, 55), 'latitude': 41.7711314745247, 'longitude': -88.115137796849}, {'timestamp': datetime.datetime(2025, 4, 19, 2, 6, 56), 'latitude': 41.7711314745247, 'longitude': -88.115137796849}]"
input_videos\GRMN0964.MP4,output_clips\GRMN0964_clip_002.mp4,2,10.030667,False,"[{'timestamp': datetime.datetime(2025, 4, 19, 2, 6, 57), 'latitude': 41.7711314745247, 'longitude': -88.115137796849}, {'timestamp': datetime.datetime(2025, 4, 19, 2, 6, 58), 'latitude': 41.7711314745247, 'longitude': -88.115137796849}, {'timestamp': datetime.datetime(2025, 4, 19, 2, 6, 59), 'latitude': 41.7711314745247, 'longitude': -88.115137796849}, {'timestamp': datetime.datetime(2025, 4, 19, 2, 7), 'latitude': 41.7711314745247, 'longitude': -88.115137796849}, {'timestamp': datetime.datetime(2025, 4, 19, 2, 7, 1), 'latitude': 41.7711314745247, 'longitude': -88.115137796849}, {'timestamp': datetime.datetime(2025, 4, 19, 2, 7, 2), 'latitude': 41.7711314745247, 'longitude': -88.115137796849}, {'timestamp': datetime.datetime(2025, 4, 19, 2, 7, 3), 'latitude': 41.7711314745247, 'longitude': -88.115137796849}, {'timestamp': datetime.datetime(2025, 4, 19, 2, 7, 4), 'latitude': 41.7711314745247, 'longitude': -88.115137796849}, {'timestamp': datetime.datetime(2025, 4, 19, 2, 7, 5), 'latitude': 41.7711314745247, 'longitude': -88.115137796849}, {'timestamp': datetime.datetime(2025, 4, 19, 2, 7, 6), 'latitude': 41.7711314745247, 'longitude': -88.115137796849}]"
input_videos\GRMN0964.MP4,output_clips\GRMN0964_clip_003.mp4,3,10.025333,False,"[{'timestamp': datetime.datetime(2025, 4, 19, 2, 7, 7), 'latitude': 41.7711314745247, 'longitude': -88.115137796849}, {'timestamp': datetime.datetime(2025, 4, 19, 2, 7, 8), 'latitude': 41.7711314745247, 'longitude': -88.115137796849}, {'timestamp': datetime.datetime(2025, 4, 19, 2, 7, 9), 'latitude': 41.7711020540446, 'longitude': -88.1151166744532}, {'timestamp': datetime.datetime(2025, 4, 19, 2, 7, 10), 'latitude': 41.7710935883224, 'longitude': -88.11509563587613}, {'timestamp': datetime.datetime(2025, 4, 19, 2, 7, 11), 'latitude': 41.7710886429995, 'longitude': -88.11507778242233}, {'timestamp': datetime.datetime(2025, 4, 19, 2, 7, 13), 'latitude': 41.7710841167718, 'longitude': -88.11503604054452}, {'timestamp': datetime.datetime(2025, 4, 19, 2, 7, 13), 'latitude': 41.7710841167718, 'longitude': -88.11503604054452}, {'timestamp': datetime.datetime(2025, 4, 19, 2, 7, 14), 'latitude': 41.7710863798857, 'longitude': -88.11501634307213}, {'timestamp': datetime.datetime(2025, 4, 19, 2, 7, 15), 'latitude': 41.7710876371711, 'longitude': -88.11499731615193}, {'timestamp': datetime.datetime(2025, 4, 19, 2, 7, 16), 'latitude': 41.7710881400853, 'longitude': -88.11497870832683}]"
input_videos\GRMN0964.MP4,output_clips\GRMN0964_clip_004.mp4,4,10.021333,False,"[{'timestamp': datetime.datetime(2025, 4, 19, 2, 7, 17), 'latitude': 41.7710856255144, 'longitude': -88.11496211215854}, {'timestamp': datetime.datetime(2025, 4, 19, 2, 7, 18), 'latitude': 41.7710782494396, 'longitude': -88.11494912020864}, {'timestamp': datetime.datetime(2025, 4, 19, 2, 7, 19), 'latitude': 41.7710736393929, 'longitude': -88.11494006775322}, {'timestamp': datetime.datetime(2025, 4, 19, 2, 7, 20), 'latitude': 41.7710731364787, 'longitude': -88.1149346195161}, {'timestamp': datetime.datetime(2025, 4, 19, 2, 7, 21), 'latitude': 41.7710743937641, 'longitude': -88.1149387266487}, {'timestamp': datetime.datetime(2025, 4, 19, 2, 7, 22), 'latitude': 41.7710743937641, 'longitude': -88.1149387266487}, {'timestamp': datetime.datetime(2025, 4, 19, 2, 7, 23), 'latitude': 41.7710743937641, 'longitude': -88.1149387266487}, {'timestamp': datetime.datetime(2025, 4, 19, 2, 7, 24), 'latitude': 41.7710743937641, 'longitude': -88.1149387266487}, {'timestamp': datetime.datetime(2025, 4, 19, 2, 7, 25), 'latitude': 41.7710743937641, 'longitude': -88.1149387266487}, {'timestamp': datetime.datetime(2025, 4, 19, 2, 7, 26), 'latitude': 41.7710743937641, 'longitude': -88.1149387266487}]"
input_videos\GRMN0964.MP4,output_clips\GRMN0964_clip_005.mp4,5,10.01,False,"[{'timestamp': datetime.datetime(2025, 4, 19, 2, 7, 27), 'latitude': 41.7710743937641, 'longitude': -88.1149387266487}, {'timestamp': datetime.datetime(2025, 4, 19, 2, 7, 28), 'latitude': 41.7710743937641, 'longitude': -88.1149387266487}, {'timestamp': datetime.datetime(2025, 4, 19, 2, 7, 29), 'latitude': 41.7710743937641, 'longitude': -88.1149387266487}, {'timestamp': datetime.datetime(2025, 4, 19, 2, 7, 30), 'latitude': 41.7710743937641, 'longitude': -88.1149387266487}, {'timestamp': datetime.datetime(2025, 4, 19, 2, 7, 31), 'latitude': 41.7710743937641, 'longitude': -88.1149387266487}, {'timestamp': datetime.datetime(2025, 4, 19, 2, 7, 32), 'latitude': 41.7710743937641, 'longitude': -88.1149387266487}, {'timestamp': datetime.datetime(2025, 4, 19, 2, 7, 33), 'latitude': 41.7710743937641, 'longitude': -88.1149387266487}, {'timestamp': datetime.datetime(2025, 4, 19, 2, 7, 34), 'latitude': 41.7710743937641, 'longitude': -88.1149387266487}, {'timestamp': datetime.datetime(2025, 4, 19, 2, 7, 35), 'latitude': 41.7710743937641, 'longitude': -88.1149387266487}, {'timestamp': datetime.datetime(2025, 4, 19, 2, 7, 36), 'latitude': 41.7710743937641, 'longitude': -88.1149387266487}]"
input_videos\GRMN0965.MP4,output_clips\GRMN0965_clip_000.mp4,0,10.011333,False,"[{'timestamp': datetime.datetime(2025, 4, 19, 2, 7, 37), 'latitude': 41.7710743937641, 'longitude': -88.1149387266487}, {'timestamp': datetime.datetime(2025, 4, 19, 2, 7, 38), 'latitude': 41.7710743937641, 'longitude': -88.1149387266487}, {'timestamp': datetime.datetime(2025, 4, 19, 2, 7, 39), 'latitude': 41.7710743937641, 'longitude': -88.1149387266487}, {'timestamp': datetime.datetime(2025, 4, 19, 2, 7, 40), 'latitude': 41.7710743937641, 'longitude': -88.1149387266487}, {'timestamp': datetime.datetime(2025, 4, 19, 2, 7, 41), 'latitude': 41.7710743937641, 'longitude': -88.1149387266487}, {'timestamp': datetime.datetime(2025, 4, 19, 2, 7, 42), 'latitude': 41.7710743937641, 'longitude': -88.1149387266487}, {'timestamp': datetime.datetime(2025, 4, 19, 2, 7, 43), 'latitude': 41.7710743937641, 'longitude': -88.1149387266487}, {'timestamp': datetime.datetime(2025, 4, 19, 2, 7, 44), 'latitude': 41.7710743937641, 'longitude': -88.1149387266487}, {'timestamp': datetime.datetime(2025, 4, 19, 2, 7, 45), 'latitude': 41.7710743937641, 'longitude': -88.1149387266487}, {'timestamp': datetime.datetime(2025, 4, 19, 2, 7, 46), 'latitude': 41.7710743937641, 'longitude': -88.1149387266487}]"
input_videos\GRMN0965.MP4,output_clips\GRMN0965_clip_001.mp4,1,10.028667,False,"[{'timestamp': datetime.datetime(2025, 4, 19, 2, 7, 47), 'latitude': 41.7710743937641, 'longitude': -88.1149387266487}, {'timestamp': datetime.datetime(2025, 4, 19, 2, 7, 48), 'latitude': 41.7710743937641, 'longitude': -88.1149387266487}, {'timestamp': datetime.datetime(2025, 4, 19, 2, 7, 49), 'latitude': 41.7710743937641, 'longitude': -88.1149387266487}, {'timestamp': datetime.datetime(2025, 4, 19, 2, 7, 50), 'latitude': 41.7710743937641, 'longitude': -88.1149387266487}, {'timestamp': datetime.datetime(2025, 4, 19, 2, 7, 51), 'latitude': 41.7710743937641, 'longitude': -88.1149387266487}, {'timestamp': datetime.datetime(2025, 4, 19, 2, 7, 52), 'latitude': 41.7710743937641, 'longitude': -88.1149387266487}, {'timestamp': datetime.datetime(2025, 4, 19, 2, 7, 53), 'latitude': 41.7710743937641, 'longitude': -88.1149387266487}, {'timestamp': datetime.datetime(2025, 4, 19, 2, 7, 54), 'latitude': 41.7710743937641, 'longitude': -88.1149387266487}, {'timestamp': datetime.datetime(2025, 4, 19, 2, 7, 55), 'latitude': 41.7710743937641, 'longitude': -88.1149387266487}, {'timestamp': datetime.datetime(2025, 4, 19, 2, 7, 56), 'latitude': 41.7710743937641, 'longitude': -88.1149387266487}]"
input_videos\GRMN0965.MP4,output_clips\GRMN0965_clip_002.mp4,2,10.023333,False,"[{'timestamp': datetime.datetime(2025, 4, 19, 2, 7, 57), 'latitude': 41.7710743937641, 'longitude': -88.1149387266487}, {'timestamp': datetime.datetime(2025, 4, 19, 2, 7, 58), 'latitude': 41.7710743937641, 'longitude': -88.1149387266487}, {'timestamp': datetime.datetime(2025, 4, 19, 2, 7, 59), 'latitude': 41.7710743937641, 'longitude': -88.1149387266487}, {'timestamp': datetime.datetime(2025, 4, 19, 2, 8), 'latitude': 41.7710743937641, 'longitude': -88.1149387266487}, {'timestamp': datetime.datetime(2025, 4, 19, 2, 8, 1), 'latitude': 41.7710743937641, 'longitude': -88.1149387266487}, {'timestamp': datetime.datetime(2025, 4, 19, 2, 8, 2), 'latitude': 41.7710743937641, 'longitude': -88.1149387266487}, {'timestamp': datetime.datetime(2025, 4, 19, 2, 8, 3), 'latitude': 41.7710743937641, 'longitude': -88.1149387266487}, {'timestamp': datetime.datetime(2025, 4, 19, 2, 8, 4), 'latitude': 41.7710743937641, 'longitude': -88.1149387266487}, {'timestamp': datetime.datetime(2025, 4, 19, 2, 8, 5), 'latitude': 41.7710743937641, 'longitude': -88.1149387266487}, {'timestamp': datetime.datetime(2025, 4, 19, 2, 8, 6), 'latitude': 41.7710743937641, 'longitude': -88.1149387266487}]"
input_videos\GRMN0965.MP4,output_clips\GRMN0965_clip_003.mp4,3,10.019333,False,"[{'timestamp': datetime.datetime(2025, 4, 19, 2, 8, 7), 'latitude': 41.7710743937641, 'longitude': -88.1149387266487}, {'timestamp': datetime.datetime(2025, 4, 19, 2, 8, 8), 'latitude': 41.7710743937641, 'longitude': -88.1149387266487}, {'timestamp': datetime.datetime(2025, 4, 19, 2, 8, 9), 'latitude': 41.7710743937641, 'longitude': -88.1149387266487}, {'timestamp': datetime.datetime(2025, 4, 19, 2, 8, 10), 'latitude': 41.7710743937641, 'longitude': -88.1149387266487}, {'timestamp': datetime.datetime(2025, 4, 19, 2, 8, 11), 'latitude': 41.7710743937641, 'longitude': -88.1149387266487}, {'timestamp': datetime.datetime(2025, 4, 19, 2, 8, 12), 'latitude': 41.7710743937641, 'longitude': -88.1149387266487}, {'timestamp': datetime.datetime(2025, 4, 19, 2, 8, 13), 'latitude': 41.7710743937641, 'longitude': -88.1149387266487}, {'timestamp': datetime.datetime(2025, 4, 19, 2, 8, 14), 'latitude': 41.7710743937641, 'longitude': -88.1149387266487}, {'timestamp': datetime.datetime(2025, 4, 19, 2, 8, 15), 'latitude': 41.7710743937641, 'longitude': -88.1149387266487}, {'timestamp': datetime.datetime(2025, 4, 19, 2, 8, 16), 'latitude': 41.7710743937641, 'longitude': -88.1149387266487}]"
input_videos\GRMN0965.MP4,output_clips\GRMN0965_clip_004.mp4,4,10.014333,False,"[{'timestamp': datetime.datetime(2025, 4, 19, 2, 8, 17), 'latitude': 41.7710743937641, 'longitude': -88.1149387266487}, {'timestamp': datetime.datetime(2025, 4, 19, 2, 8, 18), 'latitude': 41.7710743937641, 'longitude': -88.1149387266487}, {'timestamp': datetime.datetime(2025, 4, 19, 2, 8, 19), 'latitude': 41.7710743937641, 'longitude': -88.1149387266487}, {'timestamp': datetime.datetime(2025, 4, 19, 2, 8, 20), 'latitude': 41.7710743937641, 'longitude': -88.1149387266487}, {'timestamp': datetime.datetime(2025, 4, 19, 2, 8, 21), 'latitude': 41.7710743937641, 'longitude': -88.1149387266487}, {'timestamp': datetime.datetime(2025, 4, 19, 2, 8, 22), 'latitude': 41.7710743937641, 'longitude': -88.1149387266487}, {'timestamp': datetime.datetime(2025, 4, 19, 2, 8, 23), 'latitude': 41.7710743937641, 'longitude': -88.1149387266487}, {'timestamp': datetime.datetime(2025, 4, 19, 2, 8, 24), 'latitude': 41.7710743937641, 'longitude': -88.1149387266487}, {'timestamp': datetime.datetime(2025, 4, 19, 2, 8, 25), 'latitude': 41.7710743937641, 'longitude': -88.1149387266487}, {'timestamp': datetime.datetime(2025, 4, 19, 2, 8, 26), 'latitude': 41.7710743937641, 'longitude': -88.1149387266487}]"
input_videos\GRMN0965.MP4,output_clips\GRMN0965_clip_005.mp4,5,10.01,False,"[{'timestamp': datetime.datetime(2025, 4, 19, 2, 8, 27), 'latitude': 41.7710743937641, 'longitude': -88.1149387266487}, {'timestamp': datetime.datetime(2025, 4, 19, 2, 8, 28), 'latitude': 41.7710743937641, 'longitude': -88.1149387266487}, {'timestamp': datetime.datetime(2025, 4, 19, 2, 8, 29), 'latitude': 41.7710743937641, 'longitude': -88.1149387266487}, {'timestamp': datetime.datetime(2025, 4, 19, 2, 8, 30), 'latitude': 41.7710743937641, 'longitude': -88.1149387266487}, {'timestamp': datetime.datetime(2025, 4, 19, 2, 8, 31), 'latitude': 41.7710743937641, 'longitude': -88.1149387266487}, {'timestamp': datetime.datetime(2025, 4, 19, 2, 8, 32), 'latitude': 41.7710743937641, 'longitude': -88.1149387266487}, {'timestamp': datetime.datetime(2025, 4, 19, 2, 8, 33), 'latitude': 41.7710743937641, 'longitude': -88.1149387266487}, {'timestamp': datetime.datetime(2025, 4, 19, 2, 8, 34), 'latitude': 41.7710743937641, 'longitude': -88.1149387266487}, {'timestamp': datetime.datetime(2025, 4, 19, 2, 8, 35), 'latitude': 41.7710743937641, 'longitude': -88.1149387266487}, {'timestamp': datetime.datetime(2025, 4, 19, 2, 8, 36), 'latitude': 41.7710743937641, 'longitude': -88.1149387266487}]"
input_videos\GRMN0966.MP4,output_clips\GRMN0966_clip_000.mp4,0,10.026667,False,"[{'timestamp': datetime.datetime(2025, 4, 19, 2, 8, 37), 'latitude': 41.7710755672306, 'longitude': -88.11494400724771}, {'timestamp': datetime.datetime(2025, 4, 19, 2, 8, 38), 'latitude': 41.7710780818015, 'longitude': -88.1149764452133}, {'timestamp': datetime.datetime(2025, 4, 19, 2, 8, 39), 'latitude': 41.7710816860199, 'longitude': -88.11500125564633}, {'timestamp': datetime.datetime(2025, 4, 19, 2, 8, 40), 'latitude': 41.771084535867, 'longitude': -88.11503277160234}, {'timestamp': datetime.datetime(2025, 4, 19, 2, 8, 41), 'latitude': 41.7710890620947, 'longitude': -88.11506294645375}, {'timestamp': datetime.datetime(2025, 4, 19, 2, 8, 42), 'latitude': 41.7710957676172, 'longitude': -88.11509102582934}, {'timestamp': datetime.datetime(2025, 4, 19, 2, 8, 44), 'latitude': 41.771116219461, 'longitude': -88.11514508910486}, {'timestamp': datetime.datetime(2025, 4, 19, 2, 8, 44), 'latitude': 41.771116219461, 'longitude': -88.11514508910486}, {'timestamp': datetime.datetime(2025, 4, 19, 2, 8, 45), 'latitude': 41.771126864478, 'longitude': -88.11517886817467}, {'timestamp': datetime.datetime(2025, 4, 19, 2, 8, 46), 'latitude': 41.7711359169334, 'longitude': -88.11520543880765}]"
input_videos\GRMN0966.MP4,output_clips\GRMN0966_clip_001.mp4,1,10.021333,False,"[{'timestamp': datetime.datetime(2025, 4, 19, 2, 8, 47), 'latitude': 41.7711485736072, 'longitude': -88.11523083597424}, {'timestamp': datetime.datetime(2025, 4, 19, 2, 8, 48), 'latitude': 41.7711613979191, 'longitude': -88.11524793505674}, {'timestamp': datetime.datetime(2025, 4, 19, 2, 8, 49), 'latitude': 41.7711696960032, 'longitude': -88.11526084318763}, {'timestamp': datetime.datetime(2025, 4, 19, 2, 8, 50), 'latitude': 41.7711721267551, 'longitude': -88.1152602564543}, {'timestamp': datetime.datetime(2025, 4, 19, 2, 8, 51), 'latitude': 41.771169276908, 'longitude': -88.115256652236}, {'timestamp': datetime.datetime(2025, 4, 19, 2, 8, 52), 'latitude': 41.7711708694696, 'longitude': -88.1152585800737}, {'timestamp': datetime.datetime(2025, 4, 19, 2, 8, 53), 'latitude': 41.7711801733822, 'longitude': -88.11526168137792}, {'timestamp': datetime.datetime(2025, 4, 19, 2, 8, 54), 'latitude': 41.7711882200092, 'longitude': -88.11527676880361}, {'timestamp': datetime.datetime(2025, 4, 19, 2, 8, 56), 'latitude': 41.771192830056, 'longitude': -88.1152945384383}, {'timestamp': datetime.datetime(2025, 4, 19, 2, 8, 56), 'latitude': 41.771192830056, 'longitude': -88.1152945384383}]"
input_videos\GRMN0966.MP4,output_clips\GRMN0966_clip_002.mp4,2,10.017333,False,"[{'timestamp': datetime.datetime(2025, 4, 19, 2, 8, 57), 'latitude': 41.7711913213134, 'longitude': -88.115291018039}, {'timestamp': datetime.datetime(2025, 4, 19, 2, 8, 58), 'latitude': 41.7711913213134, 'longitude': -88.115291018039}, {'timestamp': datetime.datetime(2025, 4, 19, 2, 8, 59), 'latitude': 41.7711913213134, 'longitude': -88.115291018039}, {'timestamp': datetime.datetime(2025, 4, 19, 2, 9), 'latitude': 41.7711913213134, 'longitude': -88.115291018039}, {'timestamp': datetime.datetime(2025, 4, 19, 2, 9, 1), 'latitude': 41.7711913213134, 'longitude': -88.115291018039}, {'timestamp': datetime.datetime(2025, 4, 19, 2, 9, 2), 'latitude': 41.7711913213134, 'longitude': -88.115291018039}, {'timestamp': datetime.datetime(2025, 4, 19, 2, 9, 3), 'latitude': 41.7711913213134, 'longitude': -88.115291018039}, {'timestamp': datetime.datetime(2025, 4, 19, 2, 9, 4), 'latitude': 41.7711913213134, 'longitude': -88.115291018039}, {'timestamp': datetime.datetime(2025, 4, 19, 2, 9, 5), 'latitude': 41.7711913213134, 'longitude': -88.115291018039}, {'timestamp': datetime.datetime(2025, 4, 19, 2, 9, 6), 'latitude': 41.7711913213134, 'longitude': -88.115291018039}]"
input_videos\GRMN0967.MP4,output_clips\GRMN0967_clip_000.mp4,0,10.026667,False,"[{'timestamp': datetime.datetime(2025, 4, 22, 23, 23, 2), 'latitude': 41.771121583879, 'longitude': -88.1149329431355}, {'timestamp': datetime.datetime(2025, 4, 22, 23, 23, 3), 'latitude': 41.7711284570396, 'longitude': -88.1149384751916}, {'timestamp': datetime.datetime(2025, 4, 22, 23, 23, 4), 'latitude': 41.7711246851832, 'longitude': -88.1149597652256}, {'timestamp': datetime.datetime(2025, 4, 22, 23, 23, 5), 'latitude': 41.7711252719164, 'longitude': -88.1149570830166}]"
input_videos\GRMN0967.MP4,output_clips\GRMN0967_clip_001.mp4,1,10.021333,False,[]
input_videos\GRMN0967.MP4,output_clips\GRMN0967_clip_002.mp4,2,10.017333,False,[]
input_videos\GRMN0967.MP4,output_clips\GRMN0967_clip_003.mp4,3,10.012333,False,[]
input_videos\GRMN0967.MP4,output_clips\GRMN0967_clip_004.mp4,4,10.028667,False,[]
input_videos\GRMN0967.MP4,output_clips\GRMN0967_clip_005.mp4,5,10.01,False,[]
input_videos\GRMN0968.MP4,output_clips\GRMN0968_clip_000.mp4,0,10.019333,False,"[{'timestamp': datetime.datetime(2025, 4, 22, 23, 23, 7), 'latitude': 41.7711218353361, 'longitude': -88.1149805523455}, {'timestamp': datetime.datetime(2025, 4, 22, 23, 23, 8), 'latitude': 41.7711230926216, 'longitude': -88.1149822287261}, {'timestamp': datetime.datetime(2025, 4, 22, 23, 23, 9), 'latitude': 41.7711251880974, 'longitude': -88.1149816419929}, {'timestamp': datetime.datetime(2025, 4, 22, 23, 23, 10), 'latitude': 41.7711278703064, 'longitude': -88.1149788759649}, {'timestamp': datetime.datetime(2025, 4, 22, 23, 23, 11), 'latitude': 41.7711257748306, 'longitude': -88.1149766966701}, {'timestamp': datetime.datetime(2025, 4, 22, 23, 23, 12), 'latitude': 41.7711208295077, 'longitude': -88.1149724218994}, {'timestamp': datetime.datetime(2025, 4, 22, 23, 23, 13), 'latitude': 41.771113621071, 'longitude': -88.1149679794908}, {'timestamp': datetime.datetime(2025, 4, 22, 23, 23, 14), 'latitude': 41.7711079213768, 'longitude': -88.1149656325579}, {'timestamp': datetime.datetime(2025, 4, 22, 23, 23, 15), 'latitude': 41.771103227511, 'longitude': -88.1149644590914}, {'timestamp': datetime.datetime(2025, 4, 22, 23, 23, 16), 'latitude': 41.7710995394737, 'longitude': -88.114963369444}]"
input_videos\GRMN0968.MP4,output_clips\GRMN0968_clip_001.mp4,1,10.015333,False,"[{'timestamp': datetime.datetime(2025, 4, 22, 23, 23, 17), 'latitude': 41.7710974439979, 'longitude': -88.1149648781866}, {'timestamp': datetime.datetime(2025, 4, 22, 23, 23, 18), 'latitude': 41.7710966896266, 'longitude': -88.1149681471288}, {'timestamp': datetime.datetime(2025, 4, 22, 23, 23, 19), 'latitude': 41.771097863093, 'longitude': -88.1149723380804}, {'timestamp': datetime.datetime(2025, 4, 22, 23, 23, 20), 'latitude': 41.771100377664, 'longitude': -88.1149745173752}, {'timestamp': datetime.datetime(2025, 4, 22, 23, 23, 21), 'latitude': 41.7711026407778, 'longitude': -88.1149751879275}, {'timestamp': datetime.datetime(2025, 4, 22, 23, 23, 22), 'latitude': 41.7711040657014, 'longitude': -88.1149750202894}, {'timestamp': datetime.datetime(2025, 4, 22, 23, 23, 23), 'latitude': 41.7711040657014, 'longitude': -88.1149742659181}, {'timestamp': datetime.datetime(2025, 4, 22, 23, 23, 24), 'latitude': 41.7711039818823, 'longitude': -88.1149734277278}, {'timestamp': datetime.datetime(2025, 4, 22, 23, 23, 25), 'latitude': 41.7711041495204, 'longitude': -88.1149725895375}, {'timestamp': datetime.datetime(2025, 4, 22, 23, 23, 26), 'latitude': 41.7711044847965, 'longitude': -88.1149716675282}]"
input_videos\GRMN0968.MP4,output_clips\GRMN0968_clip_002.mp4,2,10.010333,False,"[{'timestamp': datetime.datetime(2025, 4, 22, 23, 23, 27), 'latitude': 41.7711051553488, 'longitude': -88.1149706616998}, {'timestamp': datetime.datetime(2025, 4, 22, 23, 23, 28), 'latitude': 41.7711055744439, 'longitude': -88.1149694882333}, {'timestamp': datetime.datetime(2025, 4, 22, 23, 23, 29), 'latitude': 41.7711059935391, 'longitude': -88.1149682309479}, {'timestamp': datetime.datetime(2025, 4, 22, 23, 23, 30), 'latitude': 41.7711061611772, 'longitude': -88.1149669736624}, {'timestamp': datetime.datetime(2025, 4, 22, 23, 23, 31), 'latitude': 41.7711063288152, 'longitude': -88.1149657163769}, {'timestamp': datetime.datetime(2025, 4, 22, 23, 23, 32), 'latitude': 41.7711062449962, 'longitude': -88.1149647943676}, {'timestamp': datetime.datetime(2025, 4, 22, 23, 23, 33), 'latitude': 41.771105825901, 'longitude': -88.1149637885392}, {'timestamp': datetime.datetime(2025, 4, 22, 23, 23, 34), 'latitude': 41.771105742082, 'longitude': -88.1149629503489}, {'timestamp': datetime.datetime(2025, 4, 22, 23, 23, 35), 'latitude': 41.7711068317294, 'longitude': -88.1149626988918}, {'timestamp': datetime.datetime(2025, 4, 22, 23, 23, 36), 'latitude': 41.7711085919291, 'longitude': -88.1149624474347}]"
input_videos\GRMN0968.MP4,output_clips\GRMN0968_clip_003.mp4,3,10.026667,False,"[{'timestamp': datetime.datetime(2025, 4, 22, 23, 23, 37), 'latitude': 41.7711101844907, 'longitude': -88.1149622797966}, {'timestamp': datetime.datetime(2025, 4, 22, 23, 23, 38), 'latitude': 41.7711089272052, 'longitude': -88.1149631179869}, {'timestamp': datetime.datetime(2025, 4, 22, 23, 23, 38), 'latitude': 41.7711073346436, 'longitude': -88.1149652972817}, {'timestamp': datetime.datetime(2025, 4, 22, 23, 23, 40), 'latitude': 41.7711053229868, 'longitude': -88.1149676442146}, {'timestamp': datetime.datetime(2025, 4, 22, 23, 23, 41), 'latitude': 41.771105658263, 'longitude': -88.1149675603956}, {'timestamp': datetime.datetime(2025, 4, 22, 23, 23, 42), 'latitude': 41.7711064964533, 'longitude': -88.1149649620056}, {'timestamp': datetime.datetime(2025, 4, 22, 23, 23, 43), 'latitude': 41.7711076699197, 'longitude': -88.1149610225111}, {'timestamp': datetime.datetime(2025, 4, 22, 23, 23, 44), 'latitude': 41.7711087595671, 'longitude': -88.1149578373879}, {'timestamp': datetime.datetime(2025, 4, 22, 23, 23, 45), 'latitude': 41.7711090948433, 'longitude': -88.1149565801024}, {'timestamp': datetime.datetime(2025, 4, 22, 23, 23, 46), 'latitude': 41.7711089272052, 'longitude': -88.1149563286453}]"
input_videos\GRMN0968.MP4,output_clips\GRMN0968_clip_004.mp4,4,10.022333,False,"[{'timestamp': datetime.datetime(2025, 4, 22, 23, 23, 47), 'latitude': 41.771108424291, 'longitude': -88.1149571668357}, {'timestamp': datetime.datetime(2025, 4, 22, 23, 23, 48), 'latitude': 41.7711078375578, 'longitude': -88.1149582564831}, {'timestamp': datetime.datetime(2025, 4, 22, 23, 23, 48), 'latitude': 41.7711073346436, 'longitude': -88.1149598490447}, {'timestamp': datetime.datetime(2025, 4, 22, 23, 23, 50), 'latitude': 41.7711067479104, 'longitude': -88.1149619445205}, {'timestamp': datetime.datetime(2025, 4, 22, 23, 23, 51), 'latitude': 41.7711069993675, 'longitude': -88.1149638723582}, {'timestamp': datetime.datetime(2025, 4, 22, 23, 23, 52), 'latitude': 41.7711076699197, 'longitude': -88.1149654649198}, {'timestamp': datetime.datetime(2025, 4, 22, 23, 23, 53), 'latitude': 41.7711085919291, 'longitude': -88.1149661354721}, {'timestamp': datetime.datetime(2025, 4, 22, 23, 23, 54), 'latitude': 41.7711090948433, 'longitude': -88.1149665545672}, {'timestamp': datetime.datetime(2025, 4, 22, 23, 23, 55), 'latitude': 41.7711090948433, 'longitude': -88.1149665545672}, {'timestamp': datetime.datetime(2025, 4, 22, 23, 23, 56), 'latitude': 41.7711090948433, 'longitude': -88.1149665545672}]"
input_videos\GRMN0968.MP4,output_clips\GRMN0968_clip_005.mp4,5,10.01,False,"[{'timestamp': datetime.datetime(2025, 4, 22, 23, 23, 57), 'latitude': 41.7711090948433, 'longitude': -88.1149665545672}, {'timestamp': datetime.datetime(2025, 4, 22, 23, 23, 58), 'latitude': 41.7711090948433, 'longitude': -88.1149665545672}, {'timestamp': datetime.datetime(2025, 4, 22, 23, 23, 59), 'latitude': 41.7711116094142, 'longitude': -88.11497485265141}, {'timestamp': datetime.datetime(2025, 4, 22, 23, 24), 'latitude': 41.7711132857949, 'longitude': -88.11498834751552}, {'timestamp': datetime.datetime(2025, 4, 22, 23, 24, 1), 'latitude': 41.7711185663939, 'longitude': -88.11500536277892}, {'timestamp': datetime.datetime(2025, 4, 22, 23, 24, 2), 'latitude': 41.7711220867932, 'longitude': -88.11502631753683}, {'timestamp': datetime.datetime(2025, 4, 22, 23, 24, 3), 'latitude': 41.7711288761348, 'longitude': -88.11505456455053}, {'timestamp': datetime.datetime(2025, 4, 22, 23, 24, 4), 'latitude': 41.7711381800473, 'longitude': -88.11508063226944}, {'timestamp': datetime.datetime(2025, 4, 22, 23, 24, 5), 'latitude': 41.7711460590363, 'longitude': -88.11511005274954}, {'timestamp': datetime.datetime(2025, 4, 22, 23, 24, 6), 'latitude': 41.7711562011391, 'longitude': -88.11513997614384}]"
input_videos\GRMN0969.MP4,output_clips\GRMN0969_clip_000.mp4,0,10.013333,False,"[{'timestamp': datetime.datetime(2025, 4, 22, 23, 24, 6), 'latitude': 41.7711642477661, 'longitude': -88.1151667982345}, {'timestamp': datetime.datetime(2025, 4, 22, 23, 24, 8), 'latitude': 41.7711721267551, 'longitude': -88.11519529670484}, {'timestamp': datetime.datetime(2025, 4, 22, 23, 24, 9), 'latitude': 41.7711774073541, 'longitude': -88.11521742492914}, {'timestamp': datetime.datetime(2025, 4, 22, 23, 24, 10), 'latitude': 41.7711788322777, 'longitude': -88.11523008160293}, {'timestamp': datetime.datetime(2025, 4, 22, 23, 24, 10), 'latitude': 41.7711810953915, 'longitude': -88.11523787677292}, {'timestamp': datetime.datetime(2025, 4, 22, 23, 24, 12), 'latitude': 41.7711814306676, 'longitude': -88.11523770913482}, {'timestamp': datetime.datetime(2025, 4, 22, 23, 24, 13), 'latitude': 41.7711807601154, 'longitude': -88.1152375414968}, {'timestamp': datetime.datetime(2025, 4, 22, 23, 24, 14), 'latitude': 41.7711807601154, 'longitude': -88.1152375414968}, {'timestamp': datetime.datetime(2025, 4, 22, 23, 24, 15), 'latitude': 41.7711807601154, 'longitude': -88.1152375414968}]"
input_videos\GRMN0969.MP4,output_clips\GRMN0969_clip_001.mp4,1,10.029667,False,"[{'timestamp': datetime.datetime(2025, 4, 22, 23, 24, 16), 'latitude': 41.7711807601154, 'longitude': -88.1152375414968}, {'timestamp': datetime.datetime(2025, 4, 22, 23, 24, 17), 'latitude': 41.7711807601154, 'longitude': -88.1152375414968}, {'timestamp': datetime.datetime(2025, 4, 22, 23, 24, 18), 'latitude': 41.7711807601154, 'longitude': -88.1152375414968}, {'timestamp': datetime.datetime(2025, 4, 22, 23, 24, 19), 'latitude': 41.7711807601154, 'longitude': -88.1152375414968}, {'timestamp': datetime.datetime(2025, 4, 22, 23, 24, 20), 'latitude': 41.7711807601154, 'longitude': -88.1152375414968}, {'timestamp': datetime.datetime(2025, 4, 22, 23, 24, 21), 'latitude': 41.7711807601154, 'longitude': -88.1152375414968}, {'timestamp': datetime.datetime(2025, 4, 22, 23, 24, 22), 'latitude': 41.7711807601154, 'longitude': -88.1152375414968}, {'timestamp': datetime.datetime(2025, 4, 22, 23, 24, 23), 'latitude': 41.7711807601154, 'longitude': -88.1152375414968}, {'timestamp': datetime.datetime(2025, 4, 22, 23, 24, 24), 'latitude': 41.7711807601154, 'longitude': -88.1152375414968}, {'timestamp': datetime.datetime(2025, 4, 22, 23, 24, 25), 'latitude': 41.7711807601154, 'longitude': -88.1152375414968}]"
input_videos\GRMN0969.MP4,output_clips\GRMN0969_clip_002.mp4,2,10.025333,False,"[{'timestamp': datetime.datetime(2025, 4, 22, 23, 24, 26), 'latitude': 41.7711807601154, 'longitude': -88.1152375414968}, {'timestamp': datetime.datetime(2025, 4, 22, 23, 24, 27), 'latitude': 41.7711807601154, 'longitude': -88.1152375414968}, {'timestamp': datetime.datetime(2025, 4, 22, 23, 24, 28), 'latitude': 41.7711807601154, 'longitude': -88.1152375414968}, {'timestamp': datetime.datetime(2025, 4, 22, 23, 24, 29), 'latitude': 41.7711807601154, 'longitude': -88.1152375414968}, {'timestamp': datetime.datetime(2025, 4, 22, 23, 24, 30), 'latitude': 41.7711807601154, 'longitude': -88.1152375414968}, {'timestamp': datetime.datetime(2025, 4, 22, 23, 24, 31), 'latitude': 41.7711807601154, 'longitude': -88.1152375414968}, {'timestamp': datetime.datetime(2025, 4, 22, 23, 24, 32), 'latitude': 41.7711807601154, 'longitude': -88.1152375414968}, {'timestamp': datetime.datetime(2025, 4, 22, 23, 24, 33), 'latitude': 41.7711807601154, 'longitude': -88.1152375414968}, {'timestamp': datetime.datetime(2025, 4, 22, 23, 24, 34), 'latitude': 41.7711807601154, 'longitude': -88.1152375414968}, {'timestamp': datetime.datetime(2025, 4, 22, 23, 24, 35), 'latitude': 41.7711807601154, 'longitude': -88.1152375414968}]"
input_videos\GRMN0969.MP4,output_clips\GRMN0969_clip_003.mp4,3,10.020333,False,"[{'timestamp': datetime.datetime(2025, 4, 22, 23, 24, 36), 'latitude': 41.7711807601154, 'longitude': -88.1152375414968}, {'timestamp': datetime.datetime(2025, 4, 22, 23, 24, 37), 'latitude': 41.7711807601154, 'longitude': -88.1152375414968}, {'timestamp': datetime.datetime(2025, 4, 22, 23, 24, 38), 'latitude': 41.7711807601154, 'longitude': -88.1152375414968}, {'timestamp': datetime.datetime(2025, 4, 22, 23, 24, 39), 'latitude': 41.7711807601154, 'longitude': -88.1152375414968}, {'timestamp': datetime.datetime(2025, 4, 22, 23, 24, 40), 'latitude': 41.7711807601154, 'longitude': -88.1152375414968}, {'timestamp': datetime.datetime(2025, 4, 22, 23, 24, 41), 'latitude': 41.7711807601154, 'longitude': -88.1152375414968}, {'timestamp': datetime.datetime(2025, 4, 22, 23, 24, 42), 'latitude': 41.7711807601154, 'longitude': -88.1152375414968}, {'timestamp': datetime.datetime(2025, 4, 22, 23, 24, 43), 'latitude': 41.7711807601154, 'longitude': -88.1152375414968}, {'timestamp': datetime.datetime(2025, 4, 22, 23, 24, 44), 'latitude': 41.7711807601154, 'longitude': -88.1152375414968}, {'timestamp': datetime.datetime(2025, 4, 22, 23, 24, 45), 'latitude': 41.7711807601154, 'longitude': -88.1152375414968}]"
input_videos\GRMN0969.MP4,output_clips\GRMN0969_clip_004.mp4,4,10.015333,False,"[{'timestamp': datetime.datetime(2025, 4, 22, 23, 24, 46), 'latitude': 41.7711807601154, 'longitude': -88.1152375414968}, {'timestamp': datetime.datetime(2025, 4, 22, 23, 24, 47), 'latitude': 41.7711807601154, 'longitude': -88.1152375414968}, {'timestamp': datetime.datetime(2025, 4, 22, 23, 24, 48), 'latitude': 41.7711807601154, 'longitude': -88.1152375414968}, {'timestamp': datetime.datetime(2025, 4, 22, 23, 24, 49), 'latitude': 41.7711807601154, 'longitude': -88.1152375414968}, {'timestamp': datetime.datetime(2025, 4, 22, 23, 24, 50), 'latitude': 41.7711807601154, 'longitude': -88.1152375414968}, {'timestamp': datetime.datetime(2025, 4, 22, 23, 24, 51), 'latitude': 41.7711807601154, 'longitude': -88.1152375414968}, {'timestamp': datetime.datetime(2025, 4, 22, 23, 24, 52), 'latitude': 41.7711807601154, 'longitude': -88.1152375414968}, {'timestamp': datetime.datetime(2025, 4, 22, 23, 24, 53), 'latitude': 41.7711807601154, 'longitude': -88.1152375414968}, {'timestamp': datetime.datetime(2025, 4, 22, 23, 24, 54), 'latitude': 41.7711807601154, 'longitude': -88.1152375414968}, {'timestamp': datetime.datetime(2025, 4, 22, 23, 24, 55), 'latitude': 41.7711807601154, 'longitude': -88.1152375414968}]"
input_videos\GRMN0969.MP4,output_clips\GRMN0969_clip_005.mp4,5,10.01,False,"[{'timestamp': datetime.datetime(2025, 4, 22, 23, 24, 56), 'latitude': 41.7711807601154, 'longitude': -88.1152375414968}, {'timestamp': datetime.datetime(2025, 4, 22, 23, 24, 57), 'latitude': 41.7711807601154, 'longitude': -88.1152375414968}, {'timestamp': datetime.datetime(2025, 4, 22, 23, 24, 58), 'latitude': 41.7711807601154, 'longitude': -88.1152375414968}, {'timestamp': datetime.datetime(2025, 4, 22, 23, 24, 59), 'latitude': 41.7711807601154, 'longitude': -88.1152375414968}, {'timestamp': datetime.datetime(2025, 4, 22, 23, 25), 'latitude': 41.7711807601154, 'longitude': -88.1152375414968}, {'timestamp': datetime.datetime(2025, 4, 22, 23, 25, 1), 'latitude': 41.7711807601154, 'longitude': -88.1152375414968}, {'timestamp': datetime.datetime(2025, 4, 22, 23, 25, 2), 'latitude': 41.7711807601154, 'longitude': -88.1152375414968}, {'timestamp': datetime.datetime(2025, 4, 22, 23, 25, 3), 'latitude': 41.7711807601154, 'longitude': -88.1152375414968}, {'timestamp': datetime.datetime(2025, 4, 22, 23, 25, 4), 'latitude': 41.7711807601154, 'longitude': -88.1152375414968}, {'timestamp': datetime.datetime(2025, 4, 22, 23, 25, 5), 'latitude': 41.7711807601154, 'longitude': -88.1152375414968}]"
input_videos\GRMN0970.MP4,output_clips\GRMN0970_clip_000.mp4,0,10.027667,False,"[{'timestamp': datetime.datetime(2025, 4, 22, 23, 25, 6), 'latitude': 41.7711807601154, 'longitude': -88.1152375414968}, {'timestamp': datetime.datetime(2025, 4, 22, 23, 25, 8), 'latitude': 41.7711807601154, 'longitude': -88.1152375414968}, {'timestamp': datetime.datetime(2025, 4, 22, 23, 25, 9), 'latitude': 41.7711807601154, 'longitude': -88.1152375414968}, {'timestamp': datetime.datetime(2025, 4, 22, 23, 25, 10), 'latitude': 41.7711807601154, 'longitude': -88.1152375414968}, {'timestamp': datetime.datetime(2025, 4, 22, 23, 25, 11), 'latitude': 41.7711807601154, 'longitude': -88.1152375414968}, {'timestamp': datetime.datetime(2025, 4, 22, 23, 25, 12), 'latitude': 41.7711807601154, 'longitude': -88.1152375414968}, {'timestamp': datetime.datetime(2025, 4, 22, 23, 25, 13), 'latitude': 41.7711807601154, 'longitude': -88.1152375414968}, {'timestamp': datetime.datetime(2025, 4, 22, 23, 25, 14), 'latitude': 41.7711807601154, 'longitude': -88.1152375414968}, {'timestamp': datetime.datetime(2025, 4, 22, 23, 25, 15), 'latitude': 41.7711807601154, 'longitude': -88.1152375414968}]"
input_videos\GRMN0970.MP4,output_clips\GRMN0970_clip_001.mp4,1,10.023333,False,"[{'timestamp': datetime.datetime(2025, 4, 22, 23, 25, 16), 'latitude': 41.7711807601154, 'longitude': -88.1152375414968}, {'timestamp': datetime.datetime(2025, 4, 22, 23, 25, 17), 'latitude': 41.7711807601154, 'longitude': -88.1152375414968}, {'timestamp': datetime.datetime(2025, 4, 22, 23, 25, 18), 'latitude': 41.7711807601154, 'longitude': -88.1152375414968}, {'timestamp': datetime.datetime(2025, 4, 22, 23, 25, 19), 'latitude': 41.7711807601154, 'longitude': -88.1152375414968}, {'timestamp': datetime.datetime(2025, 4, 22, 23, 25, 20), 'latitude': 41.7711807601154, 'longitude': -88.1152375414968}, {'timestamp': datetime.datetime(2025, 4, 22, 23, 25, 21), 'latitude': 41.7711807601154, 'longitude': -88.1152375414968}, {'timestamp': datetime.datetime(2025, 4, 22, 23, 25, 22), 'latitude': 41.7711807601154, 'longitude': -88.1152375414968}, {'timestamp': datetime.datetime(2025, 4, 22, 23, 25, 23), 'latitude': 41.7711807601154, 'longitude': -88.1152375414968}, {'timestamp': datetime.datetime(2025, 4, 22, 23, 25, 24), 'latitude': 41.7711807601154, 'longitude': -88.1152375414968}, {'timestamp': datetime.datetime(2025, 4, 22, 23, 25, 25), 'latitude': 41.7711807601154, 'longitude': -88.1152375414968}]"
input_videos\GRMN0970.MP4,output_clips\GRMN0970_clip_002.mp4,2,10.018333,False,"[{'timestamp': datetime.datetime(2025, 4, 22, 23, 25, 26), 'latitude': 41.7711807601154, 'longitude': -88.1152375414968}, {'timestamp': datetime.datetime(2025, 4, 22, 23, 25, 27), 'latitude': 41.7711807601154, 'longitude': -88.1152375414968}, {'timestamp': datetime.datetime(2025, 4, 22, 23, 25, 28), 'latitude': 41.7711807601154, 'longitude': -88.1152375414968}, {'timestamp': datetime.datetime(2025, 4, 22, 23, 25, 29), 'latitude': 41.7711807601154, 'longitude': -88.1152375414968}, {'timestamp': datetime.datetime(2025, 4, 22, 23, 25, 30), 'latitude': 41.7711807601154, 'longitude': -88.1152375414968}, {'timestamp': datetime.datetime(2025, 4, 22, 23, 25, 31), 'latitude': 41.7711807601154, 'longitude': -88.1152375414968}, {'timestamp': datetime.datetime(2025, 4, 22, 23, 25, 32), 'latitude': 41.7711807601154, 'longitude': -88.1152375414968}, {'timestamp': datetime.datetime(2025, 4, 22, 23, 25, 33), 'latitude': 41.7711807601154, 'longitude': -88.1152375414968}, {'timestamp': datetime.datetime(2025, 4, 22, 23, 25, 34), 'latitude': 41.7711807601154, 'longitude': -88.1152375414968}, {'timestamp': datetime.datetime(2025, 4, 22, 23, 25, 35), 'latitude': 41.7711807601154, 'longitude': -88.1152375414968}]"
input_videos\GRMN0970.MP4,output_clips\GRMN0970_clip_003.mp4,3,10.013333,False,"[{'timestamp': datetime.datetime(2025, 4, 22, 23, 25, 36), 'latitude': 41.7711807601154, 'longitude': -88.1152375414968}, {'timestamp': datetime.datetime(2025, 4, 22, 23, 25, 37), 'latitude': 41.7711807601154, 'longitude': -88.1152375414968}, {'timestamp': datetime.datetime(2025, 4, 22, 23, 25, 38), 'latitude': 41.7711807601154, 'longitude': -88.1152375414968}, {'timestamp': datetime.datetime(2025, 4, 22, 23, 25, 39), 'latitude': 41.7711807601154, 'longitude': -88.1152375414968}, {'timestamp': datetime.datetime(2025, 4, 22, 23, 25, 40), 'latitude': 41.7711807601154, 'longitude': -88.1152375414968}, {'timestamp': datetime.datetime(2025, 4, 22, 23, 25, 41), 'latitude': 41.7711807601154, 'longitude': -88.1152375414968}, {'timestamp': datetime.datetime(2025, 4, 22, 23, 25, 42), 'latitude': 41.7711807601154, 'longitude': -88.1152375414968}, {'timestamp': datetime.datetime(2025, 4, 22, 23, 25, 43), 'latitude': 41.7711807601154, 'longitude': -88.1152375414968}, {'timestamp': datetime.datetime(2025, 4, 22, 23, 25, 44), 'latitude': 41.7711807601154, 'longitude': -88.1152375414968}, {'timestamp': datetime.datetime(2025, 4, 22, 23, 25, 45), 'latitude': 41.7711807601154, 'longitude': -88.1152375414968}]"
input_videos\GRMN0970.MP4,output_clips\GRMN0970_clip_004.mp4,4,10.030667,False,"[{'timestamp': datetime.datetime(2025, 4, 22, 23, 25, 46), 'latitude': 41.7711807601154, 'longitude': -88.1152375414968}, {'timestamp': datetime.datetime(2025, 4, 22, 23, 25, 47), 'latitude': 41.7711807601154, 'longitude': -88.1152375414968}, {'timestamp': datetime.datetime(2025, 4, 22, 23, 25, 48), 'latitude': 41.7711807601154, 'longitude': -88.1152375414968}, {'timestamp': datetime.datetime(2025, 4, 22, 23, 25, 49), 'latitude': 41.7711807601154, 'longitude': -88.1152375414968}, {'timestamp': datetime.datetime(2025, 4, 22, 23, 25, 50), 'latitude': 41.7711807601154, 'longitude': -88.1152375414968}, {'timestamp': datetime.datetime(2025, 4, 22, 23, 25, 51), 'latitude': 41.7711807601154, 'longitude': -88.1152375414968}, {'timestamp': datetime.datetime(2025, 4, 22, 23, 25, 52), 'latitude': 41.7711807601154, 'longitude': -88.1152375414968}, {'timestamp': datetime.datetime(2025, 4, 22, 23, 25, 53), 'latitude': 41.7711807601154, 'longitude': -88.1152375414968}, {'timestamp': datetime.datetime(2025, 4, 22, 23, 25, 54), 'latitude': 41.7711807601154, 'longitude': -88.1152375414968}, {'timestamp': datetime.datetime(2025, 4, 22, 23, 25, 55), 'latitude': 41.7711807601154, 'longitude': -88.1152375414968}]"
input_videos\GRMN0970.MP4,output_clips\GRMN0970_clip_005.mp4,5,10.01,False,"[{'timestamp': datetime.datetime(2025, 4, 22, 23, 25, 56), 'latitude': 41.7711807601154, 'longitude': -88.1152375414968}, {'timestamp': datetime.datetime(2025, 4, 22, 23, 25, 57), 'latitude': 41.7711807601154, 'longitude': -88.1152375414968}, {'timestamp': datetime.datetime(2025, 4, 22, 23, 25, 58), 'latitude': 41.7711807601154, 'longitude': -88.1152375414968}, {'timestamp': datetime.datetime(2025, 4, 22, 23, 25, 59), 'latitude': 41.7711807601154, 'longitude': -88.1152375414968}, {'timestamp': datetime.datetime(2025, 4, 22, 23, 26), 'latitude': 41.7711807601154, 'longitude': -88.1152375414968}, {'timestamp': datetime.datetime(2025, 4, 22, 23, 26, 1), 'latitude': 41.7711807601154, 'longitude': -88.1152375414968}, {'timestamp': datetime.datetime(2025, 4, 22, 23, 26, 2), 'latitude': 41.7711807601154, 'longitude': -88.1152375414968}, {'timestamp': datetime.datetime(2025, 4, 22, 23, 26, 3), 'latitude': 41.7711807601154, 'longitude': -88.1152375414968}, {'timestamp': datetime.datetime(2025, 4, 22, 23, 26, 4), 'latitude': 41.7711807601154, 'longitude': -88.1152375414968}, {'timestamp': datetime.datetime(2025, 4, 22, 23, 26, 5), 'latitude': 41.7711807601154, 'longitude': -88.1152375414968}]"
input_videos\GRMN0971.MP4,output_clips\GRMN0971_clip_000.mp4,0,10.021333,False,"[{'timestamp': datetime.datetime(2025, 4, 22, 23, 26, 7), 'latitude': 41.7711807601154, 'longitude': -88.1152375414968}, {'timestamp': datetime.datetime(2025, 4, 22, 23, 26, 8), 'latitude': 41.7711807601154, 'longitude': -88.1152375414968}, {'timestamp': datetime.datetime(2025, 4, 22, 23, 26, 9), 'latitude': 41.7711807601154, 'longitude': -88.1152375414968}, {'timestamp': datetime.datetime(2025, 4, 22, 23, 26, 10), 'latitude': 41.7711807601154, 'longitude': -88.1152375414968}, {'timestamp': datetime.datetime(2025, 4, 22, 23, 26, 11), 'latitude': 41.7711807601154, 'longitude': -88.1152375414968}, {'timestamp': datetime.datetime(2025, 4, 22, 23, 26, 12), 'latitude': 41.7711807601154, 'longitude': -88.1152375414968}, {'timestamp': datetime.datetime(2025, 4, 22, 23, 26, 13), 'latitude': 41.7711807601154, 'longitude': -88.1152375414968}, {'timestamp': datetime.datetime(2025, 4, 22, 23, 26, 14), 'latitude': 41.7711807601154, 'longitude': -88.1152375414968}, {'timestamp': datetime.datetime(2025, 4, 22, 23, 26, 15), 'latitude': 41.7711807601154, 'longitude': -88.1152375414968}, {'timestamp': datetime.datetime(2025, 4, 22, 23, 26, 16), 'latitude': 41.7711807601154, 'longitude': -88.1152375414968}]"
input_videos\GRMN0971.MP4,output_clips\GRMN0971_clip_001.mp4,1,10.016333,False,"[{'timestamp': datetime.datetime(2025, 4, 22, 23, 26, 17), 'latitude': 41.7711807601154, 'longitude': -88.1152375414968}, {'timestamp': datetime.datetime(2025, 4, 22, 23, 26, 18), 'latitude': 41.7711807601154, 'longitude': -88.1152375414968}, {'timestamp': datetime.datetime(2025, 4, 22, 23, 26, 19), 'latitude': 41.7711807601154, 'longitude': -88.1152375414968}, {'timestamp': datetime.datetime(2025, 4, 22, 23, 26, 19), 'latitude': 41.7711807601154, 'longitude': -88.1152375414968}, {'timestamp': datetime.datetime(2025, 4, 22, 23, 26, 21), 'latitude': 41.7711807601154, 'longitude': -88.1152375414968}, {'timestamp': datetime.datetime(2025, 4, 22, 23, 26, 22), 'latitude': 41.7711807601154, 'longitude': -88.1152375414968}, {'timestamp': datetime.datetime(2025, 4, 22, 23, 26, 23), 'latitude': 41.7711807601154, 'longitude': -88.1152375414968}, {'timestamp': datetime.datetime(2025, 4, 22, 23, 26, 24), 'latitude': 41.7711807601154, 'longitude': -88.1152375414968}, {'timestamp': datetime.datetime(2025, 4, 22, 23, 26, 25), 'latitude': 41.7711807601154, 'longitude': -88.1152375414968}, {'timestamp': datetime.datetime(2025, 4, 22, 23, 26, 26), 'latitude': 41.7711807601154, 'longitude': -88.1152375414968}]"
input_videos\GRMN0971.MP4,output_clips\GRMN0971_clip_002.mp4,2,10.011333,False,"[{'timestamp': datetime.datetime(2025, 4, 22, 23, 26, 27), 'latitude': 41.7711807601154, 'longitude': -88.1152375414968}, {'timestamp': datetime.datetime(2025, 4, 22, 23, 26, 28), 'latitude': 41.7711807601154, 'longitude': -88.1152375414968}, {'timestamp': datetime.datetime(2025, 4, 22, 23, 26, 29), 'latitude': 41.7711807601154, 'longitude': -88.1152375414968}, {'timestamp': datetime.datetime(2025, 4, 22, 23, 26, 30), 'latitude': 41.7711807601154, 'longitude': -88.1152375414968}, {'timestamp': datetime.datetime(2025, 4, 22, 23, 26, 31), 'latitude': 41.7711807601154, 'longitude': -88.1152375414968}, {'timestamp': datetime.datetime(2025, 4, 22, 23, 26, 32), 'latitude': 41.7711807601154, 'longitude': -88.1152375414968}, {'timestamp': datetime.datetime(2025, 4, 22, 23, 26, 33), 'latitude': 41.7711807601154, 'longitude': -88.1152375414968}, {'timestamp': datetime.datetime(2025, 4, 22, 23, 26, 34), 'latitude': 41.7711807601154, 'longitude': -88.1152375414968}, {'timestamp': datetime.datetime(2025, 4, 22, 23, 26, 35), 'latitude': 41.7711807601154, 'longitude': -88.1152375414968}, {'timestamp': datetime.datetime(2025, 4, 22, 23, 26, 36), 'latitude': 41.7711807601154, 'longitude': -88.1152375414968}]"
input_videos\GRMN0971.MP4,output_clips\GRMN0971_clip_003.mp4,3,10.028667,False,"[{'timestamp': datetime.datetime(2025, 4, 22, 23, 26, 37), 'latitude': 41.7711807601154, 'longitude': -88.1152375414968}, {'timestamp': datetime.datetime(2025, 4, 22, 23, 26, 38), 'latitude': 41.7711807601154, 'longitude': -88.1152375414968}, {'timestamp': datetime.datetime(2025, 4, 22, 23, 26, 39), 'latitude': 41.7711807601154, 'longitude': -88.1152375414968}, {'timestamp': datetime.datetime(2025, 4, 22, 23, 26, 40), 'latitude': 41.7711807601154, 'longitude': -88.1152375414968}, {'timestamp': datetime.datetime(2025, 4, 22, 23, 26, 41), 'latitude': 41.7711807601154, 'longitude': -88.1152375414968}, {'timestamp': datetime.datetime(2025, 4, 22, 23, 26, 42), 'latitude': 41.7711807601154, 'longitude': -88.1152375414968}, {'timestamp': datetime.datetime(2025, 4, 22, 23, 26, 43), 'latitude': 41.7711807601154, 'longitude': -88.1152375414968}, {'timestamp': datetime.datetime(2025, 4, 22, 23, 26, 44), 'latitude': 41.7711807601154, 'longitude': -88.1152375414968}, {'timestamp': datetime.datetime(2025, 4, 22, 23, 26, 45), 'latitude': 41.7711807601154, 'longitude': -88.1152375414968}, {'timestamp': datetime.datetime(2025, 4, 22, 23, 26, 46), 'latitude': 41.7711807601154, 'longitude': -88.1152375414968}]"
input_videos\GRMN0971.MP4,output_clips\GRMN0971_clip_004.mp4,4,10.023333,False,"[{'timestamp': datetime.datetime(2025, 4, 22, 23, 26, 47), 'latitude': 41.7711807601154, 'longitude': -88.1152375414968}, {'timestamp': datetime.datetime(2025, 4, 22, 23, 26, 48), 'latitude': 41.7711807601154, 'longitude': -88.1152375414968}, {'timestamp': datetime.datetime(2025, 4, 22, 23, 26, 49), 'latitude': 41.7711807601154, 'longitude': -88.1152375414968}, {'timestamp': datetime.datetime(2025, 4, 22, 23, 26, 50), 'latitude': 41.7711807601154, 'longitude': -88.1152375414968}, {'timestamp': datetime.datetime(2025, 4, 22, 23, 26, 51), 'latitude': 41.7711807601154, 'longitude': -88.1152375414968}, {'timestamp': datetime.datetime(2025, 4, 22, 23, 26, 52), 'latitude': 41.7711807601154, 'longitude': -88.1152375414968}, {'timestamp': datetime.datetime(2025, 4, 22, 23, 26, 53), 'latitude': 41.7711807601154, 'longitude': -88.1152375414968}, {'timestamp': datetime.datetime(2025, 4, 22, 23, 26, 54), 'latitude': 41.7711807601154, 'longitude': -88.1152375414968}, {'timestamp': datetime.datetime(2025, 4, 22, 23, 26, 55), 'latitude': 41.7711807601154, 'longitude': -88.1152375414968}, {'timestamp': datetime.datetime(2025, 4, 22, 23, 26, 56), 'latitude': 41.7711807601154, 'longitude': -88.1152375414968}]"
input_videos\GRMN0971.MP4,output_clips\GRMN0971_clip_005.mp4,5,10.01,False,"[{'timestamp': datetime.datetime(2025, 4, 22, 23, 26, 57), 'latitude': 41.7711807601154, 'longitude': -88.1152375414968}, {'timestamp': datetime.datetime(2025, 4, 22, 23, 26, 58), 'latitude': 41.7711807601154, 'longitude': -88.1152375414968}, {'timestamp': datetime.datetime(2025, 4, 22, 23, 26, 59), 'latitude': 41.7711807601154, 'longitude': -88.1152375414968}, {'timestamp': datetime.datetime(2025, 4, 22, 23, 27), 'latitude': 41.7711807601154, 'longitude': -88.1152375414968}, {'timestamp': datetime.datetime(2025, 4, 22, 23, 27, 1), 'latitude': 41.7711807601154, 'longitude': -88.1152375414968}, {'timestamp': datetime.datetime(2025, 4, 22, 23, 27, 2), 'latitude': 41.7711807601154, 'longitude': -88.1152375414968}, {'timestamp': datetime.datetime(2025, 4, 22, 23, 27, 3), 'latitude': 41.7711807601154, 'longitude': -88.1152375414968}, {'timestamp': datetime.datetime(2025, 4, 22, 23, 27, 4), 'latitude': 41.7711807601154, 'longitude': -88.1152375414968}, {'timestamp': datetime.datetime(2025, 4, 22, 23, 27, 5), 'latitude': 41.7711807601154, 'longitude': -88.1152375414968}, {'timestamp': datetime.datetime(2025, 4, 22, 23, 27, 6), 'latitude': 41.7711807601154, 'longitude': -88.1152375414968}]"
input_videos\GRMN0972.MP4,output_clips\GRMN0972_clip_000.mp4,0,10.014333,False,"[{'timestamp': datetime.datetime(2025, 4, 22, 23, 27, 7), 'latitude': 41.7711807601154, 'longitude': -88.1152375414968}, {'timestamp': datetime.datetime(2025, 4, 22, 23, 27, 8), 'latitude': 41.7711807601154, 'longitude': -88.1152375414968}, {'timestamp': datetime.datetime(2025, 4, 22, 23, 27, 9), 'latitude': 41.7711807601154, 'longitude': -88.1152375414968}, {'timestamp': datetime.datetime(2025, 4, 22, 23, 27, 10), 'latitude': 41.7711807601154, 'longitude': -88.1152375414968}, {'timestamp': datetime.datetime(2025, 4, 22, 23, 27, 11), 'latitude': 41.7711807601154, 'longitude': -88.1152375414968}, {'timestamp': datetime.datetime(2025, 4, 22, 23, 27, 12), 'latitude': 41.7711807601154, 'longitude': -88.1152375414968}, {'timestamp': datetime.datetime(2025, 4, 22, 23, 27, 13), 'latitude': 41.7711807601154, 'longitude': -88.1152375414968}, {'timestamp': datetime.datetime(2025, 4, 22, 23, 27, 14), 'latitude': 41.7711807601154, 'longitude': -88.1152375414968}, {'timestamp': datetime.datetime(2025, 4, 22, 23, 27, 15), 'latitude': 41.7711807601154, 'longitude': -88.1152375414968}, {'timestamp': datetime.datetime(2025, 4, 22, 23, 27, 16), 'latitude': 41.7711807601154, 'longitude': -88.1152375414968}]"
input_videos\GRMN0972.MP4,output_clips\GRMN0972_clip_001.mp4,1,10.01,False,"[{'timestamp': datetime.datetime(2025, 4, 22, 23, 27, 17), 'latitude': 41.7711807601154, 'longitude': -88.1152375414968}, {'timestamp': datetime.datetime(2025, 4, 22, 23, 27, 18), 'latitude': 41.7711807601154, 'longitude': -88.1152375414968}, {'timestamp': datetime.datetime(2025, 4, 22, 23, 27, 19), 'latitude': 41.7711807601154, 'longitude': -88.1152375414968}, {'timestamp': datetime.datetime(2025, 4, 22, 23, 27, 20), 'latitude': 41.7711807601154, 'longitude': -88.1152375414968}, {'timestamp': datetime.datetime(2025, 4, 22, 23, 27, 21), 'latitude': 41.7711807601154, 'longitude': -88.1152375414968}, {'timestamp': datetime.datetime(2025, 4, 22, 23, 27, 22), 'latitude': 41.7711807601154, 'longitude': -88.1152375414968}, {'timestamp': datetime.datetime(2025, 4, 22, 23, 27, 23), 'latitude': 41.7711807601154, 'longitude': -88.1152375414968}, {'timestamp': datetime.datetime(2025, 4, 22, 23, 27, 24), 'latitude': 41.7711807601154, 'longitude': -88.1152375414968}, {'timestamp': datetime.datetime(2025, 4, 22, 23, 27, 25), 'latitude': 41.7711807601154, 'longitude': -88.1152375414968}, {'timestamp': datetime.datetime(2025, 4, 22, 23, 27, 26), 'latitude': 41.7711807601154, 'longitude': -88.1152375414968}]"
input_videos\GRMN0972.MP4,output_clips\GRMN0972_clip_002.mp4,2,10.026667,False,"[{'timestamp': datetime.datetime(2025, 4, 22, 23, 27, 27), 'latitude': 41.7711807601154, 'longitude': -88.1152375414968}, {'timestamp': datetime.datetime(2025, 4, 22, 23, 27, 28), 'latitude': 41.7711807601154, 'longitude': -88.1152375414968}, {'timestamp': datetime.datetime(2025, 4, 22, 23, 27, 29), 'latitude': 41.7711807601154, 'longitude': -88.1152375414968}, {'timestamp': datetime.datetime(2025, 4, 22, 23, 27, 30), 'latitude': 41.7711807601154, 'longitude': -88.1152375414968}, {'timestamp': datetime.datetime(2025, 4, 22, 23, 27, 31), 'latitude': 41.7711807601154, 'longitude': -88.1152375414968}, {'timestamp': datetime.datetime(2025, 4, 22, 23, 27, 31), 'latitude': 41.7711807601154, 'longitude': -88.1152375414968}, {'timestamp': datetime.datetime(2025, 4, 22, 23, 27, 33), 'latitude': 41.7711807601154, 'longitude': -88.1152375414968}, {'timestamp': datetime.datetime(2025, 4, 22, 23, 27, 34), 'latitude': 41.7711807601154, 'longitude': -88.1152375414968}, {'timestamp': datetime.datetime(2025, 4, 22, 23, 27, 35), 'latitude': 41.7711807601154, 'longitude': -88.1152375414968}, {'timestamp': datetime.datetime(2025, 4, 22, 23, 27, 36), 'latitude': 41.7711807601154, 'longitude': -88.1152375414968}]"
input_videos\GRMN0972.MP4,output_clips\GRMN0972_clip_003.mp4,3,10.021333,False,"[{'timestamp': datetime.datetime(2025, 4, 22, 23, 27, 37), 'latitude': 41.7711807601154, 'longitude': -88.1152375414968}, {'timestamp': datetime.datetime(2025, 4, 22, 23, 27, 38), 'latitude': 41.7711807601154, 'longitude': -88.1152375414968}, {'timestamp': datetime.datetime(2025, 4, 22, 23, 27, 39), 'latitude': 41.7711807601154, 'longitude': -88.1152375414968}, {'timestamp': datetime.datetime(2025, 4, 22, 23, 27, 40), 'latitude': 41.7711807601154, 'longitude': -88.1152375414968}, {'timestamp': datetime.datetime(2025, 4, 22, 23, 27, 41), 'latitude': 41.7711807601154, 'longitude': -88.1152375414968}, {'timestamp': datetime.datetime(2025, 4, 22, 23, 27, 42), 'latitude': 41.7711807601154, 'longitude': -88.1152375414968}, {'timestamp': datetime.datetime(2025, 4, 22, 23, 27, 43), 'latitude': 41.7711807601154, 'longitude': -88.1152375414968}, {'timestamp': datetime.datetime(2025, 4, 22, 23, 27, 44), 'latitude': 41.7711807601154, 'longitude': -88.1152375414968}, {'timestamp': datetime.datetime(2025, 4, 22, 23, 27, 45), 'latitude': 41.7711807601154, 'longitude': -88.1152375414968}, {'timestamp': datetime.datetime(2025, 4, 22, 23, 27, 46), 'latitude': 41.7711807601154, 'longitude': -88.1152375414968}]"
input_videos\GRMN0972.MP4,output_clips\GRMN0972_clip_004.mp4,4,10.017333,False,"[{'timestamp': datetime.datetime(2025, 4, 22, 23, 27, 47), 'latitude': 41.7711807601154, 'longitude': -88.1152375414968}, {'timestamp': datetime.datetime(2025, 4, 22, 23, 27, 48), 'latitude': 41.7711807601154, 'longitude': -88.1152375414968}, {'timestamp': datetime.datetime(2025, 4, 22, 23, 27, 49), 'latitude': 41.7711807601154, 'longitude': -88.1152375414968}, {'timestamp': datetime.datetime(2025, 4, 22, 23, 27, 50), 'latitude': 41.7711807601154, 'longitude': -88.1152375414968}, {'timestamp': datetime.datetime(2025, 4, 22, 23, 27, 51), 'latitude': 41.7711807601154, 'longitude': -88.1152375414968}, {'timestamp': datetime.datetime(2025, 4, 22, 23, 27, 52), 'latitude': 41.7711807601154, 'longitude': -88.1152375414968}, {'timestamp': datetime.datetime(2025, 4, 22, 23, 27, 53), 'latitude': 41.7711807601154, 'longitude': -88.1152375414968}, {'timestamp': datetime.datetime(2025, 4, 22, 23, 27, 54), 'latitude': 41.7711807601154, 'longitude': -88.1152375414968}, {'timestamp': datetime.datetime(2025, 4, 22, 23, 27, 55), 'latitude': 41.7711807601154, 'longitude': -88.1152375414968}, {'timestamp': datetime.datetime(2025, 4, 22, 23, 27, 56), 'latitude': 41.7711807601154, 'longitude': -88.1152375414968}]"
input_videos\GRMN0972.MP4,output_clips\GRMN0972_clip_005.mp4,5,10.01,False,"[{'timestamp': datetime.datetime(2025, 4, 22, 23, 27, 57), 'latitude': 41.7711807601154, 'longitude': -88.1152375414968}, {'timestamp': datetime.datetime(2025, 4, 22, 23, 27, 58), 'latitude': 41.7711807601154, 'longitude': -88.1152375414968}, {'timestamp': datetime.datetime(2025, 4, 22, 23, 27, 59), 'latitude': 41.7711807601154, 'longitude': -88.1152375414968}, {'timestamp': datetime.datetime(2025, 4, 22, 23, 28), 'latitude': 41.7711807601154, 'longitude': -88.1152375414968}, {'timestamp': datetime.datetime(2025, 4, 22, 23, 28, 1), 'latitude': 41.7711807601154, 'longitude': -88.1152375414968}, {'timestamp': datetime.datetime(2025, 4, 22, 23, 28, 2), 'latitude': 41.7711807601154, 'longitude': -88.1152375414968}, {'timestamp': datetime.datetime(2025, 4, 22, 23, 28, 3), 'latitude': 41.7711807601154, 'longitude': -88.1152375414968}, {'timestamp': datetime.datetime(2025, 4, 22, 23, 28, 4), 'latitude': 41.7711807601154, 'longitude': -88.1152375414968}, {'timestamp': datetime.datetime(2025, 4, 22, 23, 28, 5), 'latitude': 41.7711807601154, 'longitude': -88.1152375414968}, {'timestamp': datetime.datetime(2025, 4, 22, 23, 28, 6), 'latitude': 41.7711807601154, 'longitude': -88.1152375414968}]"
input_videos\GRMN0973.MP4,output_clips\GRMN0973_clip_000.mp4,0,10.028667,False,"[{'timestamp': datetime.datetime(2025, 4, 22, 23, 28, 7), 'latitude': 41.7711807601154, 'longitude': -88.1152375414968}, {'timestamp': datetime.datetime(2025, 4, 22, 23, 28, 8), 'latitude': 41.7711807601154, 'longitude': -88.1152375414968}, {'timestamp': datetime.datetime(2025, 4, 22, 23, 28, 9), 'latitude': 41.7711807601154, 'longitude': -88.1152375414968}, {'timestamp': datetime.datetime(2025, 4, 22, 23, 28, 10), 'latitude': 41.7711807601154, 'longitude': -88.1152375414968}, {'timestamp': datetime.datetime(2025, 4, 22, 23, 28, 11), 'latitude': 41.7711807601154, 'longitude': -88.1152375414968}, {'timestamp': datetime.datetime(2025, 4, 22, 23, 28, 12), 'latitude': 41.7711807601154, 'longitude': -88.1152375414968}, {'timestamp': datetime.datetime(2025, 4, 22, 23, 28, 13), 'latitude': 41.7711807601154, 'longitude': -88.1152375414968}, {'timestamp': datetime.datetime(2025, 4, 22, 23, 28, 14), 'latitude': 41.7711807601154, 'longitude': -88.1152375414968}, {'timestamp': datetime.datetime(2025, 4, 22, 23, 28, 15), 'latitude': 41.7711807601154, 'longitude': -88.1152375414968}, {'timestamp': datetime.datetime(2025, 4, 22, 23, 28, 16), 'latitude': 41.7711807601154, 'longitude': -88.1152375414968}]"
input_videos\GRMN0973.MP4,output_clips\GRMN0973_clip_001.mp4,1,10.024333,False,"[{'timestamp': datetime.datetime(2025, 4, 22, 23, 28, 17), 'latitude': 41.7711807601154, 'longitude': -88.1152375414968}, {'timestamp': datetime.datetime(2025, 4, 22, 23, 28, 18), 'latitude': 41.7711807601154, 'longitude': -88.1152375414968}, {'timestamp': datetime.datetime(2025, 4, 22, 23, 28, 19), 'latitude': 41.7711807601154, 'longitude': -88.1152375414968}, {'timestamp': datetime.datetime(2025, 4, 22, 23, 28, 20), 'latitude': 41.7711807601154, 'longitude': -88.1152375414968}, {'timestamp': datetime.datetime(2025, 4, 22, 23, 28, 20), 'latitude': 41.7711807601154, 'longitude': -88.1152375414968}, {'timestamp': datetime.datetime(2025, 4, 22, 23, 28, 22), 'latitude': 41.7711807601154, 'longitude': -88.1152375414968}, {'timestamp': datetime.datetime(2025, 4, 22, 23, 28, 23), 'latitude': 41.7711807601154, 'longitude': -88.1152375414968}, {'timestamp': datetime.datetime(2025, 4, 22, 23, 28, 24), 'latitude': 41.7711807601154, 'longitude': -88.1152375414968}, {'timestamp': datetime.datetime(2025, 4, 22, 23, 28, 25), 'latitude': 41.7711807601154, 'longitude': -88.1152375414968}, {'timestamp': datetime.datetime(2025, 4, 22, 23, 28, 26), 'latitude': 41.7711807601154, 'longitude': -88.1152375414968}]"
input_videos\GRMN0973.MP4,output_clips\GRMN0973_clip_002.mp4,2,10.019333,False,"[{'timestamp': datetime.datetime(2025, 4, 22, 23, 28, 27), 'latitude': 41.7711807601154, 'longitude': -88.1152375414968}, {'timestamp': datetime.datetime(2025, 4, 22, 23, 28, 28), 'latitude': 41.7711807601154, 'longitude': -88.1152375414968}, {'timestamp': datetime.datetime(2025, 4, 22, 23, 28, 29), 'latitude': 41.7711807601154, 'longitude': -88.1152375414968}, {'timestamp': datetime.datetime(2025, 4, 22, 23, 28, 30), 'latitude': 41.7711807601154, 'longitude': -88.1152375414968}, {'timestamp': datetime.datetime(2025, 4, 22, 23, 28, 31), 'latitude': 41.7711807601154, 'longitude': -88.1152375414968}, {'timestamp': datetime.datetime(2025, 4, 22, 23, 28, 32), 'latitude': 41.7711807601154, 'longitude': -88.1152375414968}, {'timestamp': datetime.datetime(2025, 4, 22, 23, 28, 33), 'latitude': 41.7711807601154, 'longitude': -88.1152375414968}, {'timestamp': datetime.datetime(2025, 4, 22, 23, 28, 34), 'latitude': 41.7711807601154, 'longitude': -88.1152375414968}, {'timestamp': datetime.datetime(2025, 4, 22, 23, 28, 35), 'latitude': 41.7711807601154, 'longitude': -88.1152375414968}, {'timestamp': datetime.datetime(2025, 4, 22, 23, 28, 36), 'latitude': 41.7711807601154, 'longitude': -88.1152375414968}]"
input_videos\GRMN0973.MP4,output_clips\GRMN0973_clip_003.mp4,3,10.015333,False,"[{'timestamp': datetime.datetime(2025, 4, 22, 23, 28, 37), 'latitude': 41.7711807601154, 'longitude': -88.1152375414968}, {'timestamp': datetime.datetime(2025, 4, 22, 23, 28, 38), 'latitude': 41.7711807601154, 'longitude': -88.1152375414968}, {'timestamp': datetime.datetime(2025, 4, 22, 23, 28, 39), 'latitude': 41.7711807601154, 'longitude': -88.1152375414968}, {'timestamp': datetime.datetime(2025, 4, 22, 23, 28, 40), 'latitude': 41.7711807601154, 'longitude': -88.1152375414968}, {'timestamp': datetime.datetime(2025, 4, 22, 23, 28, 41), 'latitude': 41.7711807601154, 'longitude': -88.1152375414968}, {'timestamp': datetime.datetime(2025, 4, 22, 23, 28, 42), 'latitude': 41.7711807601154, 'longitude': -88.1152375414968}, {'timestamp': datetime.datetime(2025, 4, 22, 23, 28, 43), 'latitude': 41.7711807601154, 'longitude': -88.1152375414968}, {'timestamp': datetime.datetime(2025, 4, 22, 23, 28, 44), 'latitude': 41.7711807601154, 'longitude': -88.1152375414968}, {'timestamp': datetime.datetime(2025, 4, 22, 23, 28, 45), 'latitude': 41.7711807601154, 'longitude': -88.1152375414968}, {'timestamp': datetime.datetime(2025, 4, 22, 23, 28, 46), 'latitude': 41.7711807601154, 'longitude': -88.1152375414968}]"
input_videos\GRMN0973.MP4,output_clips\GRMN0973_clip_004.mp4,4,10.010333,False,"[{'timestamp': datetime.datetime(2025, 4, 22, 23, 28, 47), 'latitude': 41.7711807601154, 'longitude': -88.1152375414968}, {'timestamp': datetime.datetime(2025, 4, 22, 23, 28, 48), 'latitude': 41.7711807601154, 'longitude': -88.1152375414968}, {'timestamp': datetime.datetime(2025, 4, 22, 23, 28, 49), 'latitude': 41.7711807601154, 'longitude': -88.1152375414968}, {'timestamp': datetime.datetime(2025, 4, 22, 23, 28, 50), 'latitude': 41.7711807601154, 'longitude': -88.1152375414968}, {'timestamp': datetime.datetime(2025, 4, 22, 23, 28, 51), 'latitude': 41.7711807601154, 'longitude': -88.1152375414968}, {'timestamp': datetime.datetime(2025, 4, 22, 23, 28, 52), 'latitude': 41.7711807601154, 'longitude': -88.1152375414968}, {'timestamp': datetime.datetime(2025, 4, 22, 23, 28, 53), 'latitude': 41.7711807601154, 'longitude': -88.1152375414968}, {'timestamp': datetime.datetime(2025, 4, 22, 23, 28, 54), 'latitude': 41.7711807601154, 'longitude': -88.1152375414968}, {'timestamp': datetime.datetime(2025, 4, 22, 23, 28, 55), 'latitude': 41.7711807601154, 'longitude': -88.1152375414968}, {'timestamp': datetime.datetime(2025, 4, 22, 23, 28, 56), 'latitude': 41.7711807601154, 'longitude': -88.1152375414968}]"
input_videos\GRMN0973.MP4,output_clips\GRMN0973_clip_005.mp4,5,10.01,False,"[{'timestamp': datetime.datetime(2025, 4, 22, 23, 28, 57), 'latitude': 41.7711807601154, 'longitude': -88.1152375414968}, {'timestamp': datetime.datetime(2025, 4, 22, 23, 28, 58), 'latitude': 41.7711807601154, 'longitude': -88.1152375414968}, {'timestamp': datetime.datetime(2025, 4, 22, 23, 28, 59), 'latitude': 41.7711807601154, 'longitude': -88.1152375414968}, {'timestamp': datetime.datetime(2025, 4, 22, 23, 29), 'latitude': 41.7711807601154, 'longitude': -88.1152375414968}, {'timestamp': datetime.datetime(2025, 4, 22, 23, 29, 1), 'latitude': 41.7711807601154, 'longitude': -88.1152375414968}, {'timestamp': datetime.datetime(2025, 4, 22, 23, 29, 2), 'latitude': 41.7711807601154, 'longitude': -88.1152375414968}, {'timestamp': datetime.datetime(2025, 4, 22, 23, 29, 3), 'latitude': 41.7711807601154, 'longitude': -88.1152375414968}, {'timestamp': datetime.datetime(2025, 4, 22, 23, 29, 4), 'latitude': 41.7711807601154, 'longitude': -88.1152375414968}, {'timestamp': datetime.datetime(2025, 4, 22, 23, 29, 5), 'latitude': 41.7711807601154, 'longitude': -88.1152375414968}, {'timestamp': datetime.datetime(2025, 4, 22, 23, 29, 6), 'latitude': 41.7711807601154, 'longitude': -88.1152375414968}]"
input_videos\GRMN0974.MP4,output_clips\GRMN0974_clip_000.mp4,0,10.022333,False,"[{'timestamp': datetime.datetime(2025, 4, 22, 23, 29, 7), 'latitude': 41.7711807601154, 'longitude': -88.1152375414968}, {'timestamp': datetime.datetime(2025, 4, 22, 23, 29, 8), 'latitude': 41.7711807601154, 'longitude': -88.1152375414968}, {'timestamp': datetime.datetime(2025, 4, 22, 23, 29, 8), 'latitude': 41.7711807601154, 'longitude': -88.1152375414968}, {'timestamp': datetime.datetime(2025, 4, 22, 23, 29, 10), 'latitude': 41.7711807601154, 'longitude': -88.1152375414968}, {'timestamp': datetime.datetime(2025, 4, 22, 23, 29, 11), 'latitude': 41.7711807601154, 'longitude': -88.1152375414968}, {'timestamp': datetime.datetime(2025, 4, 22, 23, 29, 12), 'latitude': 41.7711807601154, 'longitude': -88.1152375414968}, {'timestamp': datetime.datetime(2025, 4, 22, 23, 29, 13), 'latitude': 41.7711807601154, 'longitude': -88.1152375414968}, {'timestamp': datetime.datetime(2025, 4, 22, 23, 29, 14), 'latitude': 41.7711807601154, 'longitude': -88.1152375414968}, {'timestamp': datetime.datetime(2025, 4, 22, 23, 29, 15), 'latitude': 41.7711807601154, 'longitude': -88.1152375414968}, {'timestamp': datetime.datetime(2025, 4, 22, 23, 29, 16), 'latitude': 41.7711807601154, 'longitude': -88.1152375414968}]"
input_videos\GRMN0974.MP4,output_clips\GRMN0974_clip_001.mp4,1,10.017333,False,"[{'timestamp': datetime.datetime(2025, 4, 22, 23, 29, 17), 'latitude': 41.7711807601154, 'longitude': -88.1152375414968}, {'timestamp': datetime.datetime(2025, 4, 22, 23, 29, 18), 'latitude': 41.7711807601154, 'longitude': -88.1152375414968}, {'timestamp': datetime.datetime(2025, 4, 22, 23, 29, 19), 'latitude': 41.7711807601154, 'longitude': -88.1152375414968}, {'timestamp': datetime.datetime(2025, 4, 22, 23, 29, 20), 'latitude': 41.7711807601154, 'longitude': -88.1152375414968}, {'timestamp': datetime.datetime(2025, 4, 22, 23, 29, 21), 'latitude': 41.7711807601154, 'longitude': -88.1152375414968}, {'timestamp': datetime.datetime(2025, 4, 22, 23, 29, 22), 'latitude': 41.7711807601154, 'longitude': -88.1152375414968}, {'timestamp': datetime.datetime(2025, 4, 22, 23, 29, 23), 'latitude': 41.7711807601154, 'longitude': -88.1152375414968}, {'timestamp': datetime.datetime(2025, 4, 22, 23, 29, 24), 'latitude': 41.7711807601154, 'longitude': -88.1152375414968}, {'timestamp': datetime.datetime(2025, 4, 22, 23, 29, 25), 'latitude': 41.7711807601154, 'longitude': -88.1152375414968}, {'timestamp': datetime.datetime(2025, 4, 22, 23, 29, 26), 'latitude': 41.7711807601154, 'longitude': -88.1152375414968}]"
input_videos\GRMN0974.MP4,output_clips\GRMN0974_clip_002.mp4,2,10.013333,False,"[{'timestamp': datetime.datetime(2025, 4, 22, 23, 29, 27), 'latitude': 41.7711807601154, 'longitude': -88.1152375414968}, {'timestamp': datetime.datetime(2025, 4, 22, 23, 29, 28), 'latitude': 41.7711807601154, 'longitude': -88.1152375414968}, {'timestamp': datetime.datetime(2025, 4, 22, 23, 29, 29), 'latitude': 41.7711807601154, 'longitude': -88.1152375414968}, {'timestamp': datetime.datetime(2025, 4, 22, 23, 29, 30), 'latitude': 41.7711807601154, 'longitude': -88.1152375414968}, {'timestamp': datetime.datetime(2025, 4, 22, 23, 29, 31), 'latitude': 41.7711807601154, 'longitude': -88.1152375414968}, {'timestamp': datetime.datetime(2025, 4, 22, 23, 29, 32), 'latitude': 41.7711807601154, 'longitude': -88.1152375414968}, {'timestamp': datetime.datetime(2025, 4, 22, 23, 29, 33), 'latitude': 41.7711807601154, 'longitude': -88.1152375414968}, {'timestamp': datetime.datetime(2025, 4, 22, 23, 29, 34), 'latitude': 41.7711807601154, 'longitude': -88.1152375414968}, {'timestamp': datetime.datetime(2025, 4, 22, 23, 29, 35), 'latitude': 41.7711807601154, 'longitude': -88.1152375414968}, {'timestamp': datetime.datetime(2025, 4, 22, 23, 29, 36), 'latitude': 41.7711807601154, 'longitude': -88.1152375414968}]"
input_videos\GRMN0974.MP4,output_clips\GRMN0974_clip_003.mp4,3,10.029667,False,"[{'timestamp': datetime.datetime(2025, 4, 22, 23, 29, 37), 'latitude': 41.7711807601154, 'longitude': -88.1152375414968}, {'timestamp': datetime.datetime(2025, 4, 22, 23, 29, 38), 'latitude': 41.7711807601154, 'longitude': -88.1152375414968}, {'timestamp': datetime.datetime(2025, 4, 22, 23, 29, 39), 'latitude': 41.7711807601154, 'longitude': -88.1152375414968}, {'timestamp': datetime.datetime(2025, 4, 22, 23, 29, 40), 'latitude': 41.7711807601154, 'longitude': -88.1152375414968}, {'timestamp': datetime.datetime(2025, 4, 22, 23, 29, 41), 'latitude': 41.7711807601154, 'longitude': -88.1152375414968}, {'timestamp': datetime.datetime(2025, 4, 22, 23, 29, 42), 'latitude': 41.7711807601154, 'longitude': -88.1152375414968}, {'timestamp': datetime.datetime(2025, 4, 22, 23, 29, 43), 'latitude': 41.7711807601154, 'longitude': -88.1152375414968}, {'timestamp': datetime.datetime(2025, 4, 22, 23, 29, 44), 'latitude': 41.7711807601154, 'longitude': -88.1152375414968}, {'timestamp': datetime.datetime(2025, 4, 22, 23, 29, 45), 'latitude': 41.7711807601154, 'longitude': -88.1152375414968}, {'timestamp': datetime.datetime(2025, 4, 22, 23, 29, 46), 'latitude': 41.7711807601154, 'longitude': -88.1152375414968}]"
input_videos\GRMN0974.MP4,output_clips\GRMN0974_clip_004.mp4,4,10.025333,False,"[{'timestamp': datetime.datetime(2025, 4, 22, 23, 29, 47), 'latitude': 41.7711807601154, 'longitude': -88.1152375414968}, {'timestamp': datetime.datetime(2025, 4, 22, 23, 29, 48), 'latitude': 41.7711807601154, 'longitude': -88.1152375414968}, {'timestamp': datetime.datetime(2025, 4, 22, 23, 29, 48), 'latitude': 41.7711807601154, 'longitude': -88.1152375414968}, {'timestamp': datetime.datetime(2025, 4, 22, 23, 29, 50), 'latitude': 41.7711807601154, 'longitude': -88.1152375414968}, {'timestamp': datetime.datetime(2025, 4, 22, 23, 29, 50), 'latitude': 41.7711807601154, 'longitude': -88.1152375414968}, {'timestamp': datetime.datetime(2025, 4, 22, 23, 29, 52), 'latitude': 41.7711807601154, 'longitude': -88.1152375414968}, {'timestamp': datetime.datetime(2025, 4, 22, 23, 29, 53), 'latitude': 41.7711807601154, 'longitude': -88.1152375414968}, {'timestamp': datetime.datetime(2025, 4, 22, 23, 29, 54), 'latitude': 41.7711807601154, 'longitude': -88.1152375414968}, {'timestamp': datetime.datetime(2025, 4, 22, 23, 29, 55), 'latitude': 41.7711807601154, 'longitude': -88.1152375414968}, {'timestamp': datetime.datetime(2025, 4, 22, 23, 29, 56), 'latitude': 41.7711807601154, 'longitude': -88.1152375414968}]"
input_videos\GRMN0974.MP4,output_clips\GRMN0974_clip_005.mp4,5,10.01,False,"[{'timestamp': datetime.datetime(2025, 4, 22, 23, 29, 57), 'latitude': 41.7711807601154, 'longitude': -88.1152375414968}, {'timestamp': datetime.datetime(2025, 4, 22, 23, 29, 58), 'latitude': 41.7711807601154, 'longitude': -88.1152375414968}, {'timestamp': datetime.datetime(2025, 4, 22, 23, 29, 59), 'latitude': 41.7711807601154, 'longitude': -88.1152375414968}, {'timestamp': datetime.datetime(2025, 4, 22, 23, 30), 'latitude': 41.7711807601154, 'longitude': -88.1152375414968}, {'timestamp': datetime.datetime(2025, 4, 22, 23, 30, 1), 'latitude': 41.7711807601154, 'longitude': -88.1152375414968}, {'timestamp': datetime.datetime(2025, 4, 22, 23, 30, 2), 'latitude': 41.7711807601154, 'longitude': -88.1152375414968}, {'timestamp': datetime.datetime(2025, 4, 22, 23, 30, 3), 'latitude': 41.7711807601154, 'longitude': -88.1152375414968}, {'timestamp': datetime.datetime(2025, 4, 22, 23, 30, 4), 'latitude': 41.7711807601154, 'longitude': -88.1152375414968}, {'timestamp': datetime.datetime(2025, 4, 22, 23, 30, 5), 'latitude': 41.7711807601154, 'longitude': -88.1152375414968}, {'timestamp': datetime.datetime(2025, 4, 22, 23, 30, 6), 'latitude': 41.7711807601154, 'longitude': -88.1152375414968}]"
input_videos\GRMN0975.MP4,output_clips\GRMN0975_clip_000.mp4,0,10.015333,False,"[{'timestamp': datetime.datetime(2025, 4, 22, 23, 30, 7), 'latitude': 41.7711807601154, 'longitude': -88.1152375414968}, {'timestamp': datetime.datetime(2025, 4, 22, 23, 30, 8), 'latitude': 41.7711807601154, 'longitude': -88.1152375414968}, {'timestamp': datetime.datetime(2025, 4, 22, 23, 30, 9), 'latitude': 41.7711807601154, 'longitude': -88.1152375414968}, {'timestamp': datetime.datetime(2025, 4, 22, 23, 30, 10), 'latitude': 41.7711807601154, 'longitude': -88.1152375414968}, {'timestamp': datetime.datetime(2025, 4, 22, 23, 30, 11), 'latitude': 41.7711807601154, 'longitude': -88.1152375414968}, {'timestamp': datetime.datetime(2025, 4, 22, 23, 30, 12), 'latitude': 41.7711807601154, 'longitude': -88.1152375414968}, {'timestamp': datetime.datetime(2025, 4, 22, 23, 30, 13), 'latitude': 41.7711807601154, 'longitude': -88.1152375414968}, {'timestamp': datetime.datetime(2025, 4, 22, 23, 30, 14), 'latitude': 41.7711807601154, 'longitude': -88.1152375414968}, {'timestamp': datetime.datetime(2025, 4, 22, 23, 30, 15), 'latitude': 41.7711807601154, 'longitude': -88.1152375414968}, {'timestamp': datetime.datetime(2025, 4, 22, 23, 30, 16), 'latitude': 41.7711807601154, 'longitude': -88.1152375414968}]"
input_videos\GRMN0975.MP4,output_clips\GRMN0975_clip_001.mp4,1,10.011333,False,"[{'timestamp': datetime.datetime(2025, 4, 22, 23, 30, 17), 'latitude': 41.7711807601154, 'longitude': -88.1152375414968}, {'timestamp': datetime.datetime(2025, 4, 22, 23, 30, 18), 'latitude': 41.7711807601154, 'longitude': -88.1152375414968}, {'timestamp': datetime.datetime(2025, 4, 22, 23, 30, 19), 'latitude': 41.7711807601154, 'longitude': -88.1152375414968}, {'timestamp': datetime.datetime(2025, 4, 22, 23, 30, 20), 'latitude': 41.7711807601154, 'longitude': -88.1152375414968}, {'timestamp': datetime.datetime(2025, 4, 22, 23, 30, 21), 'latitude': 41.7711807601154, 'longitude': -88.1152375414968}, {'timestamp': datetime.datetime(2025, 4, 22, 23, 30, 22), 'latitude': 41.7711807601154, 'longitude': -88.1152375414968}, {'timestamp': datetime.datetime(2025, 4, 22, 23, 30, 23), 'latitude': 41.7711807601154, 'longitude': -88.1152375414968}, {'timestamp': datetime.datetime(2025, 4, 22, 23, 30, 24), 'latitude': 41.7711807601154, 'longitude': -88.1152375414968}, {'timestamp': datetime.datetime(2025, 4, 22, 23, 30, 25), 'latitude': 41.7711807601154, 'longitude': -88.1152375414968}, {'timestamp': datetime.datetime(2025, 4, 22, 23, 30, 26), 'latitude': 41.7711807601154, 'longitude': -88.1152375414968}]"
input_videos\GRMN0975.MP4,output_clips\GRMN0975_clip_002.mp4,2,10.027667,False,"[{'timestamp': datetime.datetime(2025, 4, 22, 23, 30, 27), 'latitude': 41.7711807601154, 'longitude': -88.1152375414968}, {'timestamp': datetime.datetime(2025, 4, 22, 23, 30, 28), 'latitude': 41.7711807601154, 'longitude': -88.1152375414968}, {'timestamp': datetime.datetime(2025, 4, 22, 23, 30, 29), 'latitude': 41.7711807601154, 'longitude': -88.1152375414968}, {'timestamp': datetime.datetime(2025, 4, 22, 23, 30, 30), 'latitude': 41.7711807601154, 'longitude': -88.1152375414968}, {'timestamp': datetime.datetime(2025, 4, 22, 23, 30, 31), 'latitude': 41.7711807601154, 'longitude': -88.1152375414968}, {'timestamp': datetime.datetime(2025, 4, 22, 23, 30, 32), 'latitude': 41.7711807601154, 'longitude': -88.1152375414968}, {'timestamp': datetime.datetime(2025, 4, 22, 23, 30, 33), 'latitude': 41.7711807601154, 'longitude': -88.1152375414968}, {'timestamp': datetime.datetime(2025, 4, 22, 23, 30, 34), 'latitude': 41.7711807601154, 'longitude': -88.1152375414968}, {'timestamp': datetime.datetime(2025, 4, 22, 23, 30, 35), 'latitude': 41.7711807601154, 'longitude': -88.1152375414968}, {'timestamp': datetime.datetime(2025, 4, 22, 23, 30, 36), 'latitude': 41.7711807601154, 'longitude': -88.1152375414968}]"
input_videos\GRMN0975.MP4,output_clips\GRMN0975_clip_003.mp4,3,10.023333,False,"[{'timestamp': datetime.datetime(2025, 4, 22, 23, 30, 37), 'latitude': 41.7711807601154, 'longitude': -88.1152375414968}, {'timestamp': datetime.datetime(2025, 4, 22, 23, 30, 38), 'latitude': 41.7711807601154, 'longitude': -88.1152375414968}, {'timestamp': datetime.datetime(2025, 4, 22, 23, 30, 39), 'latitude': 41.7711807601154, 'longitude': -88.1152375414968}, {'timestamp': datetime.datetime(2025, 4, 22, 23, 30, 40), 'latitude': 41.7711807601154, 'longitude': -88.1152375414968}, {'timestamp': datetime.datetime(2025, 4, 22, 23, 30, 41), 'latitude': 41.7711807601154, 'longitude': -88.1152375414968}, {'timestamp': datetime.datetime(2025, 4, 22, 23, 30, 42), 'latitude': 41.7711807601154, 'longitude': -88.1152375414968}, {'timestamp': datetime.datetime(2025, 4, 22, 23, 30, 43), 'latitude': 41.7711807601154, 'longitude': -88.1152375414968}, {'timestamp': datetime.datetime(2025, 4, 22, 23, 30, 44), 'latitude': 41.7711807601154, 'longitude': -88.1152375414968}, {'timestamp': datetime.datetime(2025, 4, 22, 23, 30, 45), 'latitude': 41.7711807601154, 'longitude': -88.1152375414968}, {'timestamp': datetime.datetime(2025, 4, 22, 23, 30, 46), 'latitude': 41.7711807601154, 'longitude': -88.1152375414968}]"
input_videos\GRMN0975.MP4,output_clips\GRMN0975_clip_004.mp4,4,10.018333,False,"[{'timestamp': datetime.datetime(2025, 4, 22, 23, 30, 47), 'latitude': 41.7711807601154, 'longitude': -88.1152375414968}, {'timestamp': datetime.datetime(2025, 4, 22, 23, 30, 48), 'latitude': 41.7711807601154, 'longitude': -88.1152375414968}, {'timestamp': datetime.datetime(2025, 4, 22, 23, 30, 49), 'latitude': 41.7711807601154, 'longitude': -88.1152375414968}, {'timestamp': datetime.datetime(2025, 4, 22, 23, 30, 50), 'latitude': 41.7711807601154, 'longitude': -88.1152375414968}, {'timestamp': datetime.datetime(2025, 4, 22, 23, 30, 50), 'latitude': 41.7711807601154, 'longitude': -88.1152375414968}, {'timestamp': datetime.datetime(2025, 4, 22, 23, 30, 52), 'latitude': 41.7711807601154, 'longitude': -88.1152375414968}, {'timestamp': datetime.datetime(2025, 4, 22, 23, 30, 53), 'latitude': 41.7711807601154, 'longitude': -88.1152375414968}, {'timestamp': datetime.datetime(2025, 4, 22, 23, 30, 54), 'latitude': 41.7711807601154, 'longitude': -88.1152375414968}, {'timestamp': datetime.datetime(2025, 4, 22, 23, 30, 55), 'latitude': 41.7711807601154, 'longitude': -88.1152375414968}, {'timestamp': datetime.datetime(2025, 4, 22, 23, 30, 56), 'latitude': 41.7711807601154, 'longitude': -88.1152375414968}]"
input_videos\GRMN0975.MP4,output_clips\GRMN0975_clip_005.mp4,5,10.01,False,"[{'timestamp': datetime.datetime(2025, 4, 22, 23, 30, 57), 'latitude': 41.7711807601154, 'longitude': -88.1152375414968}, {'timestamp': datetime.datetime(2025, 4, 22, 23, 30, 58), 'latitude': 41.7711807601154, 'longitude': -88.1152375414968}, {'timestamp': datetime.datetime(2025, 4, 22, 23, 30, 59), 'latitude': 41.7711807601154, 'longitude': -88.1152375414968}, {'timestamp': datetime.datetime(2025, 4, 22, 23, 31), 'latitude': 41.7711807601154, 'longitude': -88.1152375414968}, {'timestamp': datetime.datetime(2025, 4, 22, 23, 31, 1), 'latitude': 41.7711807601154, 'longitude': -88.1152375414968}, {'timestamp': datetime.datetime(2025, 4, 22, 23, 31, 2), 'latitude': 41.7711807601154, 'longitude': -88.1152375414968}, {'timestamp': datetime.datetime(2025, 4, 22, 23, 31, 3), 'latitude': 41.7711807601154, 'longitude': -88.1152375414968}, {'timestamp': datetime.datetime(2025, 4, 22, 23, 31, 4), 'latitude': 41.7711807601154, 'longitude': -88.1152375414968}, {'timestamp': datetime.datetime(2025, 4, 22, 23, 31, 5), 'latitude': 41.7711807601154, 'longitude': -88.1152375414968}, {'timestamp': datetime.datetime(2025, 4, 22, 23, 31, 6), 'latitude': 41.7711807601154, 'longitude': -88.1152375414968}]"
input_videos\GRMN0976.MP4,output_clips\GRMN0976_clip_000.mp4,0,10.030667,False,"[{'timestamp': datetime.datetime(2025, 4, 22, 23, 31, 7), 'latitude': 41.7711807601154, 'longitude': -88.1152375414968}, {'timestamp': datetime.datetime(2025, 4, 22, 23, 31, 8), 'latitude': 41.7711807601154, 'longitude': -88.1152375414968}, {'timestamp': datetime.datetime(2025, 4, 22, 23, 31, 9), 'latitude': 41.7711807601154, 'longitude': -88.1152375414968}, {'timestamp': datetime.datetime(2025, 4, 22, 23, 31, 10), 'latitude': 41.7711807601154, 'longitude': -88.1152375414968}, {'timestamp': datetime.datetime(2025, 4, 22, 23, 31, 11), 'latitude': 41.7711807601154, 'longitude': -88.1152375414968}, {'timestamp': datetime.datetime(2025, 4, 22, 23, 31, 12), 'latitude': 41.7711807601154, 'longitude': -88.1152375414968}, {'timestamp': datetime.datetime(2025, 4, 22, 23, 31, 13), 'latitude': 41.7711807601154, 'longitude': -88.1152375414968}, {'timestamp': datetime.datetime(2025, 4, 22, 23, 31, 14), 'latitude': 41.7711807601154, 'longitude': -88.1152375414968}, {'timestamp': datetime.datetime(2025, 4, 22, 23, 31, 15), 'latitude': 41.7711807601154, 'longitude': -88.1152375414968}, {'timestamp': datetime.datetime(2025, 4, 22, 23, 31, 16), 'latitude': 41.7711807601154, 'longitude': -88.1152375414968}]"
input_videos\GRMN0976.MP4,output_clips\GRMN0976_clip_001.mp4,1,10.025333,False,"[{'timestamp': datetime.datetime(2025, 4, 22, 23, 31, 17), 'latitude': 41.7711807601154, 'longitude': -88.1152375414968}, {'timestamp': datetime.datetime(2025, 4, 22, 23, 31, 18), 'latitude': 41.7711807601154, 'longitude': -88.1152375414968}, {'timestamp': datetime.datetime(2025, 4, 22, 23, 31, 19), 'latitude': 41.7711807601154, 'longitude': -88.1152375414968}, {'timestamp': datetime.datetime(2025, 4, 22, 23, 31, 20), 'latitude': 41.7711807601154, 'longitude': -88.1152375414968}, {'timestamp': datetime.datetime(2025, 4, 22, 23, 31, 21), 'latitude': 41.7711807601154, 'longitude': -88.1152375414968}, {'timestamp': datetime.datetime(2025, 4, 22, 23, 31, 22), 'latitude': 41.7711807601154, 'longitude': -88.1152375414968}, {'timestamp': datetime.datetime(2025, 4, 22, 23, 31, 23), 'latitude': 41.7711807601154, 'longitude': -88.1152375414968}, {'timestamp': datetime.datetime(2025, 4, 22, 23, 31, 24), 'latitude': 41.7711807601154, 'longitude': -88.1152375414968}, {'timestamp': datetime.datetime(2025, 4, 22, 23, 31, 25), 'latitude': 41.7711807601154, 'longitude': -88.1152375414968}, {'timestamp': datetime.datetime(2025, 4, 22, 23, 31, 26), 'latitude': 41.7711807601154, 'longitude': -88.1152375414968}]"
input_videos\GRMN0976.MP4,output_clips\GRMN0976_clip_002.mp4,2,10.021333,False,"[{'timestamp': datetime.datetime(2025, 4, 22, 23, 31, 27), 'latitude': 41.7711807601154, 'longitude': -88.1152375414968}, {'timestamp': datetime.datetime(2025, 4, 22, 23, 31, 28), 'latitude': 41.7711807601154, 'longitude': -88.1152375414968}, {'timestamp': datetime.datetime(2025, 4, 22, 23, 31, 29), 'latitude': 41.7711807601154, 'longitude': -88.1152375414968}, {'timestamp': datetime.datetime(2025, 4, 22, 23, 31, 30), 'latitude': 41.7711807601154, 'longitude': -88.1152375414968}, {'timestamp': datetime.datetime(2025, 4, 22, 23, 31, 31), 'latitude': 41.7711807601154, 'longitude': -88.1152375414968}, {'timestamp': datetime.datetime(2025, 4, 22, 23, 31, 32), 'latitude': 41.7711807601154, 'longitude': -88.1152375414968}, {'timestamp': datetime.datetime(2025, 4, 22, 23, 31, 33), 'latitude': 41.7711807601154, 'longitude': -88.1152375414968}, {'timestamp': datetime.datetime(2025, 4, 22, 23, 31, 34), 'latitude': 41.7711807601154, 'longitude': -88.1152375414968}, {'timestamp': datetime.datetime(2025, 4, 22, 23, 31, 35), 'latitude': 41.7711807601154, 'longitude': -88.1152375414968}, {'timestamp': datetime.datetime(2025, 4, 22, 23, 31, 36), 'latitude': 41.7711807601154, 'longitude': -88.1152375414968}]"
input_videos\GRMN0976.MP4,output_clips\GRMN0976_clip_003.mp4,3,10.016333,False,"[{'timestamp': datetime.datetime(2025, 4, 22, 23, 31, 37), 'latitude': 41.7711807601154, 'longitude': -88.1152375414968}, {'timestamp': datetime.datetime(2025, 4, 22, 23, 31, 38), 'latitude': 41.7711807601154, 'longitude': -88.1152375414968}, {'timestamp': datetime.datetime(2025, 4, 22, 23, 31, 39), 'latitude': 41.7711807601154, 'longitude': -88.1152375414968}, {'timestamp': datetime.datetime(2025, 4, 22, 23, 31, 40), 'latitude': 41.7711807601154, 'longitude': -88.1152375414968}, {'timestamp': datetime.datetime(2025, 4, 22, 23, 31, 41), 'latitude': 41.7711807601154, 'longitude': -88.1152375414968}, {'timestamp': datetime.datetime(2025, 4, 22, 23, 31, 42), 'latitude': 41.7711807601154, 'longitude': -88.1152375414968}, {'timestamp': datetime.datetime(2025, 4, 22, 23, 31, 43), 'latitude': 41.7711807601154, 'longitude': -88.1152375414968}, {'timestamp': datetime.datetime(2025, 4, 22, 23, 31, 44), 'latitude': 41.7711807601154, 'longitude': -88.1152375414968}, {'timestamp': datetime.datetime(2025, 4, 22, 23, 31, 45), 'latitude': 41.7711807601154, 'longitude': -88.1152375414968}, {'timestamp': datetime.datetime(2025, 4, 22, 23, 31, 46), 'latitude': 41.7711807601154, 'longitude': -88.1152375414968}]"
input_videos\GRMN0976.MP4,output_clips\GRMN0976_clip_004.mp4,4,10.011333,False,"[{'timestamp': datetime.datetime(2025, 4, 22, 23, 31, 47), 'latitude': 41.7711807601154, 'longitude': -88.1152375414968}, {'timestamp': datetime.datetime(2025, 4, 22, 23, 31, 48), 'latitude': 41.7711807601154, 'longitude': -88.1152375414968}, {'timestamp': datetime.datetime(2025, 4, 22, 23, 31, 49), 'latitude': 41.7711807601154, 'longitude': -88.1152375414968}, {'timestamp': datetime.datetime(2025, 4, 22, 23, 31, 50), 'latitude': 41.7711807601154, 'longitude': -88.1152375414968}, {'timestamp': datetime.datetime(2025, 4, 22, 23, 31, 51), 'latitude': 41.7711807601154, 'longitude': -88.1152375414968}, {'timestamp': datetime.datetime(2025, 4, 22, 23, 31, 52), 'latitude': 41.7711807601154, 'longitude': -88.1152375414968}, {'timestamp': datetime.datetime(2025, 4, 22, 23, 31, 53), 'latitude': 41.7711807601154, 'longitude': -88.1152375414968}, {'timestamp': datetime.datetime(2025, 4, 22, 23, 31, 54), 'latitude': 41.7711807601154, 'longitude': -88.1152375414968}, {'timestamp': datetime.datetime(2025, 4, 22, 23, 31, 55), 'latitude': 41.7711807601154, 'longitude': -88.1152375414968}, {'timestamp': datetime.datetime(2025, 4, 22, 23, 31, 56), 'latitude': 41.7711807601154, 'longitude': -88.1152375414968}]"
input_videos\GRMN0976.MP4,output_clips\GRMN0976_clip_005.mp4,5,10.01,False,"[{'timestamp': datetime.datetime(2025, 4, 22, 23, 31, 57), 'latitude': 41.7711807601154, 'longitude': -88.1152375414968}, {'timestamp': datetime.datetime(2025, 4, 22, 23, 31, 58), 'latitude': 41.7711807601154, 'longitude': -88.1152375414968}, {'timestamp': datetime.datetime(2025, 4, 22, 23, 31, 59), 'latitude': 41.7711807601154, 'longitude': -88.1152375414968}, {'timestamp': datetime.datetime(2025, 4, 22, 23, 32), 'latitude': 41.7711807601154, 'longitude': -88.1152375414968}, {'timestamp': datetime.datetime(2025, 4, 22, 23, 32, 1), 'latitude': 41.7711807601154, 'longitude': -88.1152375414968}, {'timestamp': datetime.datetime(2025, 4, 22, 23, 32, 2), 'latitude': 41.7711807601154, 'longitude': -88.1152375414968}, {'timestamp': datetime.datetime(2025, 4, 22, 23, 32, 3), 'latitude': 41.7711807601154, 'longitude': -88.1152375414968}, {'timestamp': datetime.datetime(2025, 4, 22, 23, 32, 4), 'latitude': 41.7711807601154, 'longitude': -88.1152375414968}, {'timestamp': datetime.datetime(2025, 4, 22, 23, 32, 5), 'latitude': 41.7711807601154, 'longitude': -88.1152375414968}, {'timestamp': datetime.datetime(2025, 4, 22, 23, 32, 6), 'latitude': 41.7711807601154, 'longitude': -88.1152375414968}]"
input_videos\GRMN0977.MP4,output_clips\GRMN0977_clip_000.mp4,0,10.023333,False,"[{'timestamp': datetime.datetime(2025, 4, 22, 23, 32, 7), 'latitude': 41.7711807601154, 'longitude': -88.1152375414968}, {'timestamp': datetime.datetime(2025, 4, 22, 23, 32, 8), 'latitude': 41.7711807601154, 'longitude': -88.1152375414968}, {'timestamp': datetime.datetime(2025, 4, 22, 23, 32, 9), 'latitude': 41.7711807601154, 'longitude': -88.1152375414968}, {'timestamp': datetime.datetime(2025, 4, 22, 23, 32, 10), 'latitude': 41.7711807601154, 'longitude': -88.1152375414968}, {'timestamp': datetime.datetime(2025, 4, 22, 23, 32, 11), 'latitude': 41.7711807601154, 'longitude': -88.1152375414968}, {'timestamp': datetime.datetime(2025, 4, 22, 23, 32, 12), 'latitude': 41.7711807601154, 'longitude': -88.1152375414968}, {'timestamp': datetime.datetime(2025, 4, 22, 23, 32, 13), 'latitude': 41.7711807601154, 'longitude': -88.1152375414968}, {'timestamp': datetime.datetime(2025, 4, 22, 23, 32, 14), 'latitude': 41.7711807601154, 'longitude': -88.1152375414968}, {'timestamp': datetime.datetime(2025, 4, 22, 23, 32, 15), 'latitude': 41.7711807601154, 'longitude': -88.1152375414968}, {'timestamp': datetime.datetime(2025, 4, 22, 23, 32, 16), 'latitude': 41.7711807601154, 'longitude': -88.1152375414968}]"
input_videos\GRMN0977.MP4,output_clips\GRMN0977_clip_001.mp4,1,10.019333,False,"[{'timestamp': datetime.datetime(2025, 4, 22, 23, 32, 17), 'latitude': 41.7711807601154, 'longitude': -88.1152375414968}, {'timestamp': datetime.datetime(2025, 4, 22, 23, 32, 18), 'latitude': 41.7711807601154, 'longitude': -88.1152375414968}, {'timestamp': datetime.datetime(2025, 4, 22, 23, 32, 19), 'latitude': 41.7711807601154, 'longitude': -88.1152375414968}, {'timestamp': datetime.datetime(2025, 4, 22, 23, 32, 20), 'latitude': 41.7711807601154, 'longitude': -88.1152375414968}, {'timestamp': datetime.datetime(2025, 4, 22, 23, 32, 21), 'latitude': 41.7711807601154, 'longitude': -88.1152375414968}, {'timestamp': datetime.datetime(2025, 4, 22, 23, 32, 22), 'latitude': 41.7711807601154, 'longitude': -88.1152375414968}, {'timestamp': datetime.datetime(2025, 4, 22, 23, 32, 23), 'latitude': 41.7711807601154, 'longitude': -88.1152375414968}, {'timestamp': datetime.datetime(2025, 4, 22, 23, 32, 24), 'latitude': 41.7711807601154, 'longitude': -88.1152375414968}, {'timestamp': datetime.datetime(2025, 4, 22, 23, 32, 25), 'latitude': 41.7711807601154, 'longitude': -88.1152375414968}, {'timestamp': datetime.datetime(2025, 4, 22, 23, 32, 26), 'latitude': 41.7711807601154, 'longitude': -88.1152375414968}]"
input_videos\GRMN0977.MP4,output_clips\GRMN0977_clip_002.mp4,2,10.014333,False,"[{'timestamp': datetime.datetime(2025, 4, 22, 23, 32, 27), 'latitude': 41.7711807601154, 'longitude': -88.1152375414968}, {'timestamp': datetime.datetime(2025, 4, 22, 23, 32, 28), 'latitude': 41.7711807601154, 'longitude': -88.1152375414968}, {'timestamp': datetime.datetime(2025, 4, 22, 23, 32, 29), 'latitude': 41.7711807601154, 'longitude': -88.1152375414968}, {'timestamp': datetime.datetime(2025, 4, 22, 23, 32, 30), 'latitude': 41.7711807601154, 'longitude': -88.1152375414968}, {'timestamp': datetime.datetime(2025, 4, 22, 23, 32, 31), 'latitude': 41.7711807601154, 'longitude': -88.1152375414968}, {'timestamp': datetime.datetime(2025, 4, 22, 23, 32, 32), 'latitude': 41.7711807601154, 'longitude': -88.1152375414968}, {'timestamp': datetime.datetime(2025, 4, 22, 23, 32, 33), 'latitude': 41.7711807601154, 'longitude': -88.1152375414968}, {'timestamp': datetime.datetime(2025, 4, 22, 23, 32, 34), 'latitude': 41.7711807601154, 'longitude': -88.1152375414968}, {'timestamp': datetime.datetime(2025, 4, 22, 23, 32, 35), 'latitude': 41.7711807601154, 'longitude': -88.1152375414968}, {'timestamp': datetime.datetime(2025, 4, 22, 23, 32, 36), 'latitude': 41.7711807601154, 'longitude': -88.1152375414968}]"
input_videos\GRMN0977.MP4,output_clips\GRMN0977_clip_003.mp4,3,10.01,False,"[{'timestamp': datetime.datetime(2025, 4, 22, 23, 32, 37), 'latitude': 41.7711807601154, 'longitude': -88.1152375414968}, {'timestamp': datetime.datetime(2025, 4, 22, 23, 32, 38), 'latitude': 41.7711807601154, 'longitude': -88.1152375414968}, {'timestamp': datetime.datetime(2025, 4, 22, 23, 32, 39), 'latitude': 41.7711807601154, 'longitude': -88.1152375414968}, {'timestamp': datetime.datetime(2025, 4, 22, 23, 32, 40), 'latitude': 41.7711807601154, 'longitude': -88.1152375414968}, {'timestamp': datetime.datetime(2025, 4, 22, 23, 32, 41), 'latitude': 41.7711807601154, 'longitude': -88.1152375414968}, {'timestamp': datetime.datetime(2025, 4, 22, 23, 32, 42), 'latitude': 41.7711807601154, 'longitude': -88.1152375414968}, {'timestamp': datetime.datetime(2025, 4, 22, 23, 32, 43), 'latitude': 41.7711807601154, 'longitude': -88.1152375414968}, {'timestamp': datetime.datetime(2025, 4, 22, 23, 32, 44), 'latitude': 41.7711807601154, 'longitude': -88.1152375414968}, {'timestamp': datetime.datetime(2025, 4, 22, 23, 32, 45), 'latitude': 41.7711807601154, 'longitude': -88.1152375414968}, {'timestamp': datetime.datetime(2025, 4, 22, 23, 32, 46), 'latitude': 41.7711807601154, 'longitude': -88.1152375414968}]"
input_videos\GRMN0977.MP4,output_clips\GRMN0977_clip_004.mp4,4,10.026667,False,"[{'timestamp': datetime.datetime(2025, 4, 22, 23, 32, 47), 'latitude': 41.7711807601154, 'longitude': -88.1152375414968}, {'timestamp': datetime.datetime(2025, 4, 22, 23, 32, 48), 'latitude': 41.7711807601154, 'longitude': -88.1152375414968}, {'timestamp': datetime.datetime(2025, 4, 22, 23, 32, 49), 'latitude': 41.7711807601154, 'longitude': -88.1152375414968}, {'timestamp': datetime.datetime(2025, 4, 22, 23, 32, 50), 'latitude': 41.7711807601154, 'longitude': -88.1152375414968}, {'timestamp': datetime.datetime(2025, 4, 22, 23, 32, 51), 'latitude': 41.7711807601154, 'longitude': -88.1152375414968}, {'timestamp': datetime.datetime(2025, 4, 22, 23, 32, 52), 'latitude': 41.7711807601154, 'longitude': -88.1152375414968}, {'timestamp': datetime.datetime(2025, 4, 22, 23, 32, 53), 'latitude': 41.7711807601154, 'longitude': -88.1152375414968}, {'timestamp': datetime.datetime(2025, 4, 22, 23, 32, 54), 'latitude': 41.7711807601154, 'longitude': -88.1152375414968}, {'timestamp': datetime.datetime(2025, 4, 22, 23, 32, 55), 'latitude': 41.7711807601154, 'longitude': -88.1152375414968}, {'timestamp': datetime.datetime(2025, 4, 22, 23, 32, 56), 'latitude': 41.7711807601154, 'longitude': -88.1152375414968}]"
input_videos\GRMN0977.MP4,output_clips\GRMN0977_clip_005.mp4,5,10.01,False,"[{'timestamp': datetime.datetime(2025, 4, 22, 23, 32, 57), 'latitude': 41.7711807601154, 'longitude': -88.1152375414968}, {'timestamp': datetime.datetime(2025, 4, 22, 23, 32, 58), 'latitude': 41.7711807601154, 'longitude': -88.1152375414968}, {'timestamp': datetime.datetime(2025, 4, 22, 23, 32, 59), 'latitude': 41.7711807601154, 'longitude': -88.1152375414968}, {'timestamp': datetime.datetime(2025, 4, 22, 23, 33), 'latitude': 41.7711807601154, 'longitude': -88.1152375414968}, {'timestamp': datetime.datetime(2025, 4, 22, 23, 33, 1), 'latitude': 41.7711807601154, 'longitude': -88.1152375414968}, {'timestamp': datetime.datetime(2025, 4, 22, 23, 33, 2), 'latitude': 41.7711807601154, 'longitude': -88.1152375414968}, {'timestamp': datetime.datetime(2025, 4, 22, 23, 33, 3), 'latitude': 41.7711807601154, 'longitude': -88.1152375414968}, {'timestamp': datetime.datetime(2025, 4, 22, 23, 33, 4), 'latitude': 41.7711807601154, 'longitude': -88.1152375414968}, {'timestamp': datetime.datetime(2025, 4, 22, 23, 33, 5), 'latitude': 41.7711807601154, 'longitude': -88.1152375414968}, {'timestamp': datetime.datetime(2025, 4, 22, 23, 33, 6), 'latitude': 41.7711807601154, 'longitude': -88.1152375414968}]"
input_videos\GRMN0978.MP4,output_clips\GRMN0978_clip_000.mp4,0,10.017333,False,"[{'timestamp': datetime.datetime(2025, 4, 22, 23, 33, 7), 'latitude': 41.7711807601154, 'longitude': -88.1152375414968}, {'timestamp': datetime.datetime(2025, 4, 22, 23, 33, 8), 'latitude': 41.7711807601154, 'longitude': -88.1152375414968}, {'timestamp': datetime.datetime(2025, 4, 22, 23, 33, 9), 'latitude': 41.7711807601154, 'longitude': -88.1152375414968}, {'timestamp': datetime.datetime(2025, 4, 22, 23, 33, 10), 'latitude': 41.7711807601154, 'longitude': -88.1152375414968}, {'timestamp': datetime.datetime(2025, 4, 22, 23, 33, 11), 'latitude': 41.7711807601154, 'longitude': -88.1152375414968}, {'timestamp': datetime.datetime(2025, 4, 22, 23, 33, 12), 'latitude': 41.7711807601154, 'longitude': -88.1152375414968}, {'timestamp': datetime.datetime(2025, 4, 22, 23, 33, 13), 'latitude': 41.7711807601154, 'longitude': -88.1152375414968}, {'timestamp': datetime.datetime(2025, 4, 22, 23, 33, 14), 'latitude': 41.7711807601154, 'longitude': -88.1152375414968}, {'timestamp': datetime.datetime(2025, 4, 22, 23, 33, 15), 'latitude': 41.7711807601154, 'longitude': -88.1152375414968}, {'timestamp': datetime.datetime(2025, 4, 22, 23, 33, 16), 'latitude': 41.7711807601154, 'longitude': -88.1152375414968}]"
input_videos\GRMN0978.MP4,output_clips\GRMN0978_clip_001.mp4,1,10.012333,False,"[{'timestamp': datetime.datetime(2025, 4, 22, 23, 33, 17), 'latitude': 41.7711807601154, 'longitude': -88.1152375414968}, {'timestamp': datetime.datetime(2025, 4, 22, 23, 33, 18), 'latitude': 41.7711807601154, 'longitude': -88.1152375414968}, {'timestamp': datetime.datetime(2025, 4, 22, 23, 33, 19), 'latitude': 41.7711807601154, 'longitude': -88.1152375414968}, {'timestamp': datetime.datetime(2025, 4, 22, 23, 33, 20), 'latitude': 41.7711807601154, 'longitude': -88.1152375414968}, {'timestamp': datetime.datetime(2025, 4, 22, 23, 33, 21), 'latitude': 41.7711807601154, 'longitude': -88.1152375414968}, {'timestamp': datetime.datetime(2025, 4, 22, 23, 33, 22), 'latitude': 41.7711807601154, 'longitude': -88.1152375414968}, {'timestamp': datetime.datetime(2025, 4, 22, 23, 33, 23), 'latitude': 41.7711807601154, 'longitude': -88.1152375414968}, {'timestamp': datetime.datetime(2025, 4, 22, 23, 33, 24), 'latitude': 41.7711807601154, 'longitude': -88.1152375414968}, {'timestamp': datetime.datetime(2025, 4, 22, 23, 33, 25), 'latitude': 41.7711807601154, 'longitude': -88.1152375414968}, {'timestamp': datetime.datetime(2025, 4, 22, 23, 33, 26), 'latitude': 41.7711807601154, 'longitude': -88.1152375414968}]"
input_videos\GRMN0978.MP4,output_clips\GRMN0978_clip_002.mp4,2,10.028667,False,"[{'timestamp': datetime.datetime(2025, 4, 22, 23, 33, 27), 'latitude': 41.7711807601154, 'longitude': -88.1152375414968}, {'timestamp': datetime.datetime(2025, 4, 22, 23, 33, 28), 'latitude': 41.7711807601154, 'longitude': -88.1152375414968}, {'timestamp': datetime.datetime(2025, 4, 22, 23, 33, 29), 'latitude': 41.7711807601154, 'longitude': -88.1152375414968}, {'timestamp': datetime.datetime(2025, 4, 22, 23, 33, 30), 'latitude': 41.7711807601154, 'longitude': -88.1152375414968}, {'timestamp': datetime.datetime(2025, 4, 22, 23, 33, 31), 'latitude': 41.7711807601154, 'longitude': -88.1152375414968}, {'timestamp': datetime.datetime(2025, 4, 22, 23, 33, 32), 'latitude': 41.7711807601154, 'longitude': -88.1152375414968}, {'timestamp': datetime.datetime(2025, 4, 22, 23, 33, 33), 'latitude': 41.7711807601154, 'longitude': -88.1152375414968}, {'timestamp': datetime.datetime(2025, 4, 22, 23, 33, 34), 'latitude': 41.7711807601154, 'longitude': -88.1152375414968}, {'timestamp': datetime.datetime(2025, 4, 22, 23, 33, 35), 'latitude': 41.7711807601154, 'longitude': -88.1152375414968}, {'timestamp': datetime.datetime(2025, 4, 22, 23, 33, 36), 'latitude': 41.7711807601154, 'longitude': -88.1152375414968}]"
input_videos\GRMN0978.MP4,output_clips\GRMN0978_clip_003.mp4,3,10.024333,False,"[{'timestamp': datetime.datetime(2025, 4, 22, 23, 33, 37), 'latitude': 41.7711807601154, 'longitude': -88.1152375414968}, {'timestamp': datetime.datetime(2025, 4, 22, 23, 33, 38), 'latitude': 41.7711807601154, 'longitude': -88.1152375414968}, {'timestamp': datetime.datetime(2025, 4, 22, 23, 33, 39), 'latitude': 41.7711807601154, 'longitude': -88.1152375414968}, {'timestamp': datetime.datetime(2025, 4, 22, 23, 33, 40), 'latitude': 41.7711807601154, 'longitude': -88.1152375414968}, {'timestamp': datetime.datetime(2025, 4, 22, 23, 33, 41), 'latitude': 41.7711807601154, 'longitude': -88.1152375414968}, {'timestamp': datetime.datetime(2025, 4, 22, 23, 33, 42), 'latitude': 41.7711807601154, 'longitude': -88.1152375414968}, {'timestamp': datetime.datetime(2025, 4, 22, 23, 33, 43), 'latitude': 41.7711807601154, 'longitude': -88.1152375414968}, {'timestamp': datetime.datetime(2025, 4, 22, 23, 33, 44), 'latitude': 41.7711807601154, 'longitude': -88.1152375414968}, {'timestamp': datetime.datetime(2025, 4, 22, 23, 33, 45), 'latitude': 41.7711807601154, 'longitude': -88.1152375414968}, {'timestamp': datetime.datetime(2025, 4, 22, 23, 33, 46), 'latitude': 41.7711807601154, 'longitude': -88.1152375414968}]"
input_videos\GRMN0978.MP4,output_clips\GRMN0978_clip_004.mp4,4,10.019333,False,"[{'timestamp': datetime.datetime(2025, 4, 22, 23, 33, 47), 'latitude': 41.7711807601154, 'longitude': -88.1152375414968}, {'timestamp': datetime.datetime(2025, 4, 22, 23, 33, 48), 'latitude': 41.7711807601154, 'longitude': -88.1152375414968}, {'timestamp': datetime.datetime(2025, 4, 22, 23, 33, 49), 'latitude': 41.7711807601154, 'longitude': -88.1152375414968}, {'timestamp': datetime.datetime(2025, 4, 22, 23, 33, 50), 'latitude': 41.7711807601154, 'longitude': -88.1152375414968}, {'timestamp': datetime.datetime(2025, 4, 22, 23, 33, 51), 'latitude': 41.7711807601154, 'longitude': -88.1152375414968}, {'timestamp': datetime.datetime(2025, 4, 22, 23, 33, 52), 'latitude': 41.7711807601154, 'longitude': -88.1152375414968}, {'timestamp': datetime.datetime(2025, 4, 22, 23, 33, 53), 'latitude': 41.7711807601154, 'longitude': -88.1152375414968}, {'timestamp': datetime.datetime(2025, 4, 22, 23, 33, 54), 'latitude': 41.7711807601154, 'longitude': -88.1152375414968}, {'timestamp': datetime.datetime(2025, 4, 22, 23, 33, 55), 'latitude': 41.7711807601154, 'longitude': -88.1152375414968}, {'timestamp': datetime.datetime(2025, 4, 22, 23, 33, 56), 'latitude': 41.7711807601154, 'longitude': -88.1152375414968}]"
input_videos\GRMN0978.MP4,output_clips\GRMN0978_clip_005.mp4,5,10.01,False,"[{'timestamp': datetime.datetime(2025, 4, 22, 23, 33, 57), 'latitude': 41.7711807601154, 'longitude': -88.1152375414968}, {'timestamp': datetime.datetime(2025, 4, 22, 23, 33, 58), 'latitude': 41.7711807601154, 'longitude': -88.1152375414968}, {'timestamp': datetime.datetime(2025, 4, 22, 23, 33, 59), 'latitude': 41.7711807601154, 'longitude': -88.1152375414968}, {'timestamp': datetime.datetime(2025, 4, 22, 23, 34), 'latitude': 41.7711807601154, 'longitude': -88.1152375414968}, {'timestamp': datetime.datetime(2025, 4, 22, 23, 34, 1), 'latitude': 41.7711807601154, 'longitude': -88.1152375414968}, {'timestamp': datetime.datetime(2025, 4, 22, 23, 34, 2), 'latitude': 41.7711807601154, 'longitude': -88.1152375414968}, {'timestamp': datetime.datetime(2025, 4, 22, 23, 34, 3), 'latitude': 41.7711807601154, 'longitude': -88.1152375414968}, {'timestamp': datetime.datetime(2025, 4, 22, 23, 34, 4), 'latitude': 41.7711807601154, 'longitude': -88.1152375414968}, {'timestamp': datetime.datetime(2025, 4, 22, 23, 34, 5), 'latitude': 41.7711807601154, 'longitude': -88.1152375414968}, {'timestamp': datetime.datetime(2025, 4, 22, 23, 34, 6), 'latitude': 41.7711807601154, 'longitude': -88.1152375414968}]"
input_videos\GRMN0979.MP4,output_clips\GRMN0979_clip_000.mp4,0,10.010333,False,"[{'timestamp': datetime.datetime(2025, 4, 22, 23, 34, 7), 'latitude': 41.7711807601154, 'longitude': -88.1152375414968}, {'timestamp': datetime.datetime(2025, 4, 22, 23, 34, 8), 'latitude': 41.7711807601154, 'longitude': -88.1152375414968}, {'timestamp': datetime.datetime(2025, 4, 22, 23, 34, 9), 'latitude': 41.7711807601154, 'longitude': -88.1152375414968}, {'timestamp': datetime.datetime(2025, 4, 22, 23, 34, 10), 'latitude': 41.7711807601154, 'longitude': -88.1152375414968}, {'timestamp': datetime.datetime(2025, 4, 22, 23, 34, 11), 'latitude': 41.7711807601154, 'longitude': -88.1152375414968}, {'timestamp': datetime.datetime(2025, 4, 22, 23, 34, 12), 'latitude': 41.7711807601154, 'longitude': -88.1152375414968}, {'timestamp': datetime.datetime(2025, 4, 22, 23, 34, 13), 'latitude': 41.7711807601154, 'longitude': -88.1152375414968}, {'timestamp': datetime.datetime(2025, 4, 22, 23, 34, 14), 'latitude': 41.7711807601154, 'longitude': -88.1152375414968}, {'timestamp': datetime.datetime(2025, 4, 22, 23, 34, 15), 'latitude': 41.7711807601154, 'longitude': -88.1152375414968}, {'timestamp': datetime.datetime(2025, 4, 22, 23, 34, 16), 'latitude': 41.7711807601154, 'longitude': -88.1152375414968}]"
input_videos\GRMN0979.MP4,output_clips\GRMN0979_clip_001.mp4,1,10.026667,False,"[{'timestamp': datetime.datetime(2025, 4, 22, 23, 34, 17), 'latitude': 41.7711807601154, 'longitude': -88.1152375414968}, {'timestamp': datetime.datetime(2025, 4, 22, 23, 34, 18), 'latitude': 41.7711807601154, 'longitude': -88.1152375414968}, {'timestamp': datetime.datetime(2025, 4, 22, 23, 34, 19), 'latitude': 41.7711807601154, 'longitude': -88.1152375414968}, {'timestamp': datetime.datetime(2025, 4, 22, 23, 34, 20), 'latitude': 41.7711807601154, 'longitude': -88.1152375414968}, {'timestamp': datetime.datetime(2025, 4, 22, 23, 34, 21), 'latitude': 41.7711807601154, 'longitude': -88.1152375414968}, {'timestamp': datetime.datetime(2025, 4, 22, 23, 34, 22), 'latitude': 41.7711807601154, 'longitude': -88.1152375414968}, {'timestamp': datetime.datetime(2025, 4, 22, 23, 34, 23), 'latitude': 41.7711807601154, 'longitude': -88.1152375414968}, {'timestamp': datetime.datetime(2025, 4, 22, 23, 34, 24), 'latitude': 41.7711807601154, 'longitude': -88.1152375414968}, {'timestamp': datetime.datetime(2025, 4, 22, 23, 34, 25), 'latitude': 41.7711807601154, 'longitude': -88.1152375414968}, {'timestamp': datetime.datetime(2025, 4, 22, 23, 34, 26), 'latitude': 41.7711807601154, 'longitude': -88.1152375414968}]"
input_videos\GRMN0979.MP4,output_clips\GRMN0979_clip_002.mp4,2,10.022333,False,"[{'timestamp': datetime.datetime(2025, 4, 22, 23, 34, 27), 'latitude': 41.7711807601154, 'longitude': -88.1152375414968}, {'timestamp': datetime.datetime(2025, 4, 22, 23, 34, 28), 'latitude': 41.7711807601154, 'longitude': -88.1152375414968}, {'timestamp': datetime.datetime(2025, 4, 22, 23, 34, 29), 'latitude': 41.7711807601154, 'longitude': -88.1152375414968}, {'timestamp': datetime.datetime(2025, 4, 22, 23, 34, 30), 'latitude': 41.7711807601154, 'longitude': -88.1152375414968}, {'timestamp': datetime.datetime(2025, 4, 22, 23, 34, 31), 'latitude': 41.7711807601154, 'longitude': -88.1152375414968}, {'timestamp': datetime.datetime(2025, 4, 22, 23, 34, 32), 'latitude': 41.7711807601154, 'longitude': -88.1152375414968}, {'timestamp': datetime.datetime(2025, 4, 22, 23, 34, 33), 'latitude': 41.7711807601154, 'longitude': -88.1152375414968}, {'timestamp': datetime.datetime(2025, 4, 22, 23, 34, 34), 'latitude': 41.7711807601154, 'longitude': -88.1152375414968}, {'timestamp': datetime.datetime(2025, 4, 22, 23, 34, 35), 'latitude': 41.7711807601154, 'longitude': -88.1152375414968}, {'timestamp': datetime.datetime(2025, 4, 22, 23, 34, 36), 'latitude': 41.7711807601154, 'longitude': -88.1152375414968}]"
input_videos\GRMN0979.MP4,output_clips\GRMN0979_clip_003.mp4,3,10.017333,False,"[{'timestamp': datetime.datetime(2025, 4, 22, 23, 34, 37), 'latitude': 41.7711807601154, 'longitude': -88.1152375414968}, {'timestamp': datetime.datetime(2025, 4, 22, 23, 34, 38), 'latitude': 41.7711807601154, 'longitude': -88.1152375414968}, {'timestamp': datetime.datetime(2025, 4, 22, 23, 34, 39), 'latitude': 41.7711807601154, 'longitude': -88.1152375414968}, {'timestamp': datetime.datetime(2025, 4, 22, 23, 34, 40), 'latitude': 41.7711807601154, 'longitude': -88.1152375414968}, {'timestamp': datetime.datetime(2025, 4, 22, 23, 34, 41), 'latitude': 41.7711807601154, 'longitude': -88.1152375414968}, {'timestamp': datetime.datetime(2025, 4, 22, 23, 34, 42), 'latitude': 41.7711807601154, 'longitude': -88.1152375414968}, {'timestamp': datetime.datetime(2025, 4, 22, 23, 34, 43), 'latitude': 41.7711807601154, 'longitude': -88.1152375414968}, {'timestamp': datetime.datetime(2025, 4, 22, 23, 34, 44), 'latitude': 41.7711807601154, 'longitude': -88.1152375414968}, {'timestamp': datetime.datetime(2025, 4, 22, 23, 34, 45), 'latitude': 41.7711807601154, 'longitude': -88.1152375414968}, {'timestamp': datetime.datetime(2025, 4, 22, 23, 34, 46), 'latitude': 41.7711807601154, 'longitude': -88.1152375414968}]"
input_videos\GRMN0979.MP4,output_clips\GRMN0979_clip_004.mp4,4,10.013333,False,"[{'timestamp': datetime.datetime(2025, 4, 22, 23, 34, 47), 'latitude': 41.7711807601154, 'longitude': -88.1152375414968}, {'timestamp': datetime.datetime(2025, 4, 22, 23, 34, 48), 'latitude': 41.7711807601154, 'longitude': -88.1152375414968}, {'timestamp': datetime.datetime(2025, 4, 22, 23, 34, 49), 'latitude': 41.7711807601154, 'longitude': -88.1152375414968}, {'timestamp': datetime.datetime(2025, 4, 22, 23, 34, 50), 'latitude': 41.7711807601154, 'longitude': -88.1152375414968}, {'timestamp': datetime.datetime(2025, 4, 22, 23, 34, 51), 'latitude': 41.7711807601154, 'longitude': -88.1152375414968}, {'timestamp': datetime.datetime(2025, 4, 22, 23, 34, 52), 'latitude': 41.7711807601154, 'longitude': -88.1152375414968}, {'timestamp': datetime.datetime(2025, 4, 22, 23, 34, 53), 'latitude': 41.7711807601154, 'longitude': -88.1152375414968}, {'timestamp': datetime.datetime(2025, 4, 22, 23, 34, 54), 'latitude': 41.7711807601154, 'longitude': -88.1152375414968}, {'timestamp': datetime.datetime(2025, 4, 22, 23, 34, 55), 'latitude': 41.7711807601154, 'longitude': -88.1152375414968}, {'timestamp': datetime.datetime(2025, 4, 22, 23, 34, 56), 'latitude': 41.7711807601154, 'longitude': -88.1152375414968}]"
input_videos\GRMN0980.MP4,output_clips\GRMN0980_clip_000.mp4,0,10.026667,False,"[{'timestamp': datetime.datetime(2025, 4, 22, 23, 35, 20), 'latitude': 41.7711807601154, 'longitude': -88.1152375414968}, {'timestamp': datetime.datetime(2025, 4, 22, 23, 35, 21), 'latitude': 41.7711807601154, 'longitude': -88.1152375414968}, {'timestamp': datetime.datetime(2025, 4, 22, 23, 35, 22), 'latitude': 41.7711807601154, 'longitude': -88.1152375414968}, {'timestamp': datetime.datetime(2025, 4, 22, 23, 35, 23), 'latitude': 41.7711807601154, 'longitude': -88.1152375414968}, {'timestamp': datetime.datetime(2025, 4, 22, 23, 35, 24), 'latitude': 41.7711807601154, 'longitude': -88.1152375414968}, {'timestamp': datetime.datetime(2025, 4, 22, 23, 35, 25), 'latitude': 41.7711807601154, 'longitude': -88.1152375414968}, {'timestamp': datetime.datetime(2025, 4, 22, 23, 35, 26), 'latitude': 41.7711807601154, 'longitude': -88.1152375414968}, {'timestamp': datetime.datetime(2025, 4, 22, 23, 35, 27), 'latitude': 41.7711807601154, 'longitude': -88.1152375414968}, {'timestamp': datetime.datetime(2025, 4, 22, 23, 35, 28), 'latitude': 41.7711807601154, 'longitude': -88.1152375414968}, {'timestamp': datetime.datetime(2025, 4, 22, 23, 35, 29), 'latitude': 41.7711807601154, 'longitude': -88.1152375414968}]"
input_videos\GRMN0980.MP4,output_clips\GRMN0980_clip_001.mp4,1,10.021333,False,"[{'timestamp': datetime.datetime(2025, 4, 22, 23, 35, 30), 'latitude': 41.7711807601154, 'longitude': -88.1152375414968}, {'timestamp': datetime.datetime(2025, 4, 22, 23, 35, 31), 'latitude': 41.7711807601154, 'longitude': -88.1152375414968}, {'timestamp': datetime.datetime(2025, 4, 22, 23, 35, 32), 'latitude': 41.7711807601154, 'longitude': -88.1152375414968}, {'timestamp': datetime.datetime(2025, 4, 22, 23, 35, 33), 'latitude': 41.7711807601154, 'longitude': -88.1152375414968}, {'timestamp': datetime.datetime(2025, 4, 22, 23, 35, 34), 'latitude': 41.7711807601154, 'longitude': -88.1152375414968}, {'timestamp': datetime.datetime(2025, 4, 22, 23, 35, 35), 'latitude': 41.7711807601154, 'longitude': -88.1152375414968}, {'timestamp': datetime.datetime(2025, 4, 22, 23, 35, 36), 'latitude': 41.7711807601154, 'longitude': -88.1152375414968}, {'timestamp': datetime.datetime(2025, 4, 22, 23, 35, 37), 'latitude': 41.7711807601154, 'longitude': -88.1152375414968}, {'timestamp': datetime.datetime(2025, 4, 22, 23, 35, 38), 'latitude': 41.7711807601154, 'longitude': -88.1152375414968}, {'timestamp': datetime.datetime(2025, 4, 22, 23, 35, 39), 'latitude': 41.7711807601154, 'longitude': -88.1152375414968}]"
input_videos\GRMN0980.MP4,output_clips\GRMN0980_clip_002.mp4,2,10.017333,False,"[{'timestamp': datetime.datetime(2025, 4, 22, 23, 35, 40), 'latitude': 41.7711807601154, 'longitude': -88.1152375414968}, {'timestamp': datetime.datetime(2025, 4, 22, 23, 35, 41), 'latitude': 41.7711807601154, 'longitude': -88.1152375414968}, {'timestamp': datetime.datetime(2025, 4, 22, 23, 35, 42), 'latitude': 41.7711807601154, 'longitude': -88.1152375414968}, {'timestamp': datetime.datetime(2025, 4, 22, 23, 35, 43), 'latitude': 41.7711807601154, 'longitude': -88.1152375414968}, {'timestamp': datetime.datetime(2025, 4, 22, 23, 35, 44), 'latitude': 41.7711807601154, 'longitude': -88.1152375414968}, {'timestamp': datetime.datetime(2025, 4, 22, 23, 35, 45), 'latitude': 41.7711807601154, 'longitude': -88.1152375414968}, {'timestamp': datetime.datetime(2025, 4, 22, 23, 35, 46), 'latitude': 41.7711807601154, 'longitude': -88.1152375414968}, {'timestamp': datetime.datetime(2025, 4, 22, 23, 35, 47), 'latitude': 41.7711807601154, 'longitude': -88.1152375414968}, {'timestamp': datetime.datetime(2025, 4, 22, 23, 35, 48), 'latitude': 41.7711807601154, 'longitude': -88.1152375414968}, {'timestamp': datetime.datetime(2025, 4, 22, 23, 35, 49), 'latitude': 41.7711807601154, 'longitude': -88.1152375414968}]"
input_videos\GRMN0980.MP4,output_clips\GRMN0980_clip_003.mp4,3,10.012333,False,"[{'timestamp': datetime.datetime(2025, 4, 22, 23, 35, 50), 'latitude': 41.7711807601154, 'longitude': -88.1152375414968}, {'timestamp': datetime.datetime(2025, 4, 22, 23, 35, 51), 'latitude': 41.7711807601154, 'longitude': -88.1152375414968}, {'timestamp': datetime.datetime(2025, 4, 22, 23, 35, 52), 'latitude': 41.7711807601154, 'longitude': -88.1152375414968}, {'timestamp': datetime.datetime(2025, 4, 22, 23, 35, 53), 'latitude': 41.7711807601154, 'longitude': -88.1152375414968}, {'timestamp': datetime.datetime(2025, 4, 22, 23, 35, 54), 'latitude': 41.7711807601154, 'longitude': -88.1152375414968}, {'timestamp': datetime.datetime(2025, 4, 22, 23, 35, 55), 'latitude': 41.7711807601154, 'longitude': -88.1152375414968}, {'timestamp': datetime.datetime(2025, 4, 22, 23, 35, 55), 'latitude': 41.7711807601154, 'longitude': -88.1152375414968}, {'timestamp': datetime.datetime(2025, 4, 22, 23, 35, 57), 'latitude': 41.7711807601154, 'longitude': -88.1152375414968}, {'timestamp': datetime.datetime(2025, 4, 22, 23, 35, 58), 'latitude': 41.7711807601154, 'longitude': -88.1152375414968}, {'timestamp': datetime.datetime(2025, 4, 22, 23, 35, 59), 'latitude': 41.7711807601154, 'longitude': -88.1152375414968}]"
input_videos\GRMN0980.MP4,output_clips\GRMN0980_clip_004.mp4,4,10.028667,False,"[{'timestamp': datetime.datetime(2025, 4, 22, 23, 36), 'latitude': 41.7711807601154, 'longitude': -88.1152375414968}, {'timestamp': datetime.datetime(2025, 4, 22, 23, 36, 1), 'latitude': 41.7711807601154, 'longitude': -88.1152375414968}, {'timestamp': datetime.datetime(2025, 4, 22, 23, 36, 2), 'latitude': 41.7711807601154, 'longitude': -88.1152375414968}, {'timestamp': datetime.datetime(2025, 4, 22, 23, 36, 3), 'latitude': 41.7711807601154, 'longitude': -88.1152375414968}, {'timestamp': datetime.datetime(2025, 4, 22, 23, 36, 4), 'latitude': 41.7711807601154, 'longitude': -88.1152375414968}, {'timestamp': datetime.datetime(2025, 4, 22, 23, 36, 5), 'latitude': 41.7711807601154, 'longitude': -88.1152375414968}, {'timestamp': datetime.datetime(2025, 4, 22, 23, 36, 6), 'latitude': 41.7711807601154, 'longitude': -88.1152375414968}, {'timestamp': datetime.datetime(2025, 4, 22, 23, 36, 7), 'latitude': 41.7711807601154, 'longitude': -88.1152375414968}, {'timestamp': datetime.datetime(2025, 4, 22, 23, 36, 8), 'latitude': 41.7711807601154, 'longitude': -88.1152375414968}, {'timestamp': datetime.datetime(2025, 4, 22, 23, 36, 9), 'latitude': 41.7711807601154, 'longitude': -88.1152375414968}]"
input_videos\GRMN0980.MP4,output_clips\GRMN0980_clip_005.mp4,5,10.01,False,"[{'timestamp': datetime.datetime(2025, 4, 22, 23, 36, 10), 'latitude': 41.7711807601154, 'longitude': -88.1152375414968}, {'timestamp': datetime.datetime(2025, 4, 22, 23, 36, 11), 'latitude': 41.7711807601154, 'longitude': -88.1152375414968}, {'timestamp': datetime.datetime(2025, 4, 22, 23, 36, 12), 'latitude': 41.7711807601154, 'longitude': -88.1152375414968}, {'timestamp': datetime.datetime(2025, 4, 22, 23, 36, 13), 'latitude': 41.7711807601154, 'longitude': -88.1152375414968}, {'timestamp': datetime.datetime(2025, 4, 22, 23, 36, 14), 'latitude': 41.7711807601154, 'longitude': -88.1152375414968}, {'timestamp': datetime.datetime(2025, 4, 22, 23, 36, 15), 'latitude': 41.7711807601154, 'longitude': -88.1152375414968}, {'timestamp': datetime.datetime(2025, 4, 22, 23, 36, 16), 'latitude': 41.7711807601154, 'longitude': -88.1152375414968}, {'timestamp': datetime.datetime(2025, 4, 22, 23, 36, 17), 'latitude': 41.7711807601154, 'longitude': -88.1152375414968}, {'timestamp': datetime.datetime(2025, 4, 22, 23, 36, 18), 'latitude': 41.7711807601154, 'longitude': -88.1152375414968}, {'timestamp': datetime.datetime(2025, 4, 22, 23, 36, 19), 'latitude': 41.7711807601154, 'longitude': -88.1152375414968}]"
input_videos\GRMN0981.MP4,output_clips\GRMN0981_clip_000.mp4,0,10.019333,False,"[{'timestamp': datetime.datetime(2025, 4, 22, 23, 36, 21), 'latitude': 41.7711807601154, 'longitude': -88.1152375414968}, {'timestamp': datetime.datetime(2025, 4, 22, 23, 36, 22), 'latitude': 41.7711807601154, 'longitude': -88.1152375414968}, {'timestamp': datetime.datetime(2025, 4, 22, 23, 36, 23), 'latitude': 41.7711807601154, 'longitude': -88.1152375414968}, {'timestamp': datetime.datetime(2025, 4, 22, 23, 36, 24), 'latitude': 41.7711807601154, 'longitude': -88.1152375414968}, {'timestamp': datetime.datetime(2025, 4, 22, 23, 36, 25), 'latitude': 41.7711807601154, 'longitude': -88.1152375414968}, {'timestamp': datetime.datetime(2025, 4, 22, 23, 36, 26), 'latitude': 41.7711807601154, 'longitude': -88.1152375414968}, {'timestamp': datetime.datetime(2025, 4, 22, 23, 36, 27), 'latitude': 41.7711807601154, 'longitude': -88.1152375414968}, {'timestamp': datetime.datetime(2025, 4, 22, 23, 36, 28), 'latitude': 41.7711807601154, 'longitude': -88.1152375414968}, {'timestamp': datetime.datetime(2025, 4, 22, 23, 36, 29), 'latitude': 41.7711807601154, 'longitude': -88.1152375414968}, {'timestamp': datetime.datetime(2025, 4, 22, 23, 36, 30), 'latitude': 41.7711807601154, 'longitude': -88.1152375414968}]"
input_videos\GRMN0981.MP4,output_clips\GRMN0981_clip_001.mp4,1,10.015333,False,"[{'timestamp': datetime.datetime(2025, 4, 22, 23, 36, 31), 'latitude': 41.7711807601154, 'longitude': -88.1152375414968}, {'timestamp': datetime.datetime(2025, 4, 22, 23, 36, 32), 'latitude': 41.7711807601154, 'longitude': -88.1152375414968}, {'timestamp': datetime.datetime(2025, 4, 22, 23, 36, 33), 'latitude': 41.7711807601154, 'longitude': -88.1152375414968}, {'timestamp': datetime.datetime(2025, 4, 22, 23, 36, 34), 'latitude': 41.7711807601154, 'longitude': -88.1152375414968}, {'timestamp': datetime.datetime(2025, 4, 22, 23, 36, 35), 'latitude': 41.7711807601154, 'longitude': -88.1152375414968}, {'timestamp': datetime.datetime(2025, 4, 22, 23, 36, 36), 'latitude': 41.7711807601154, 'longitude': -88.1152375414968}, {'timestamp': datetime.datetime(2025, 4, 22, 23, 36, 37), 'latitude': 41.7711807601154, 'longitude': -88.1152375414968}, {'timestamp': datetime.datetime(2025, 4, 22, 23, 36, 38), 'latitude': 41.7711807601154, 'longitude': -88.1152375414968}, {'timestamp': datetime.datetime(2025, 4, 22, 23, 36, 39), 'latitude': 41.7711807601154, 'longitude': -88.1152375414968}, {'timestamp': datetime.datetime(2025, 4, 22, 23, 36, 40), 'latitude': 41.7711807601154, 'longitude': -88.1152375414968}]"
input_videos\GRMN0981.MP4,output_clips\GRMN0981_clip_002.mp4,2,10.010333,False,"[{'timestamp': datetime.datetime(2025, 4, 22, 23, 36, 41), 'latitude': 41.7711807601154, 'longitude': -88.1152375414968}, {'timestamp': datetime.datetime(2025, 4, 22, 23, 36, 42), 'latitude': 41.7711807601154, 'longitude': -88.1152375414968}, {'timestamp': datetime.datetime(2025, 4, 22, 23, 36, 43), 'latitude': 41.7711807601154, 'longitude': -88.1152375414968}, {'timestamp': datetime.datetime(2025, 4, 22, 23, 36, 44), 'latitude': 41.7711807601154, 'longitude': -88.1152375414968}, {'timestamp': datetime.datetime(2025, 4, 22, 23, 36, 45), 'latitude': 41.7711807601154, 'longitude': -88.1152375414968}, {'timestamp': datetime.datetime(2025, 4, 22, 23, 36, 46), 'latitude': 41.7711807601154, 'longitude': -88.1152375414968}, {'timestamp': datetime.datetime(2025, 4, 22, 23, 36, 47), 'latitude': 41.7711807601154, 'longitude': -88.1152375414968}, {'timestamp': datetime.datetime(2025, 4, 22, 23, 36, 48), 'latitude': 41.7711807601154, 'longitude': -88.1152375414968}, {'timestamp': datetime.datetime(2025, 4, 22, 23, 36, 49), 'latitude': 41.7711807601154, 'longitude': -88.1152375414968}, {'timestamp': datetime.datetime(2025, 4, 22, 23, 36, 50), 'latitude': 41.7711807601154, 'longitude': -88.1152375414968}]"
input_videos\GRMN0981.MP4,output_clips\GRMN0981_clip_003.mp4,3,10.026667,False,"[{'timestamp': datetime.datetime(2025, 4, 22, 23, 36, 51), 'latitude': 41.7711807601154, 'longitude': -88.1152375414968}, {'timestamp': datetime.datetime(2025, 4, 22, 23, 36, 52), 'latitude': 41.7711807601154, 'longitude': -88.1152375414968}, {'timestamp': datetime.datetime(2025, 4, 22, 23, 36, 53), 'latitude': 41.7711807601154, 'longitude': -88.1152375414968}, {'timestamp': datetime.datetime(2025, 4, 22, 23, 36, 54), 'latitude': 41.7711807601154, 'longitude': -88.1152375414968}, {'timestamp': datetime.datetime(2025, 4, 22, 23, 36, 55), 'latitude': 41.7711807601154, 'longitude': -88.1152375414968}, {'timestamp': datetime.datetime(2025, 4, 22, 23, 36, 56), 'latitude': 41.7711807601154, 'longitude': -88.1152375414968}, {'timestamp': datetime.datetime(2025, 4, 22, 23, 36, 56), 'latitude': 41.7711807601154, 'longitude': -88.1152375414968}, {'timestamp': datetime.datetime(2025, 4, 22, 23, 36, 58), 'latitude': 41.7711807601154, 'longitude': -88.1152375414968}, {'timestamp': datetime.datetime(2025, 4, 22, 23, 36, 58), 'latitude': 41.7711807601154, 'longitude': -88.1152375414968}, {'timestamp': datetime.datetime(2025, 4, 22, 23, 37), 'latitude': 41.7711807601154, 'longitude': -88.1152375414968}, {'timestamp': datetime.datetime(2025, 4, 22, 23, 37), 'latitude': 41.7711807601154, 'longitude': -88.1152375414968}]"
input_videos\GRMN0982.MP4,output_clips\GRMN0982_clip_000.mp4,0,10.026667,False,"[{'timestamp': datetime.datetime(2025, 4, 22, 23, 37, 38), 'latitude': 41.7711807601154, 'longitude': -88.1152375414968}, {'timestamp': datetime.datetime(2025, 4, 22, 23, 37, 40), 'latitude': 41.7711807601154, 'longitude': -88.1152375414968}, {'timestamp': datetime.datetime(2025, 4, 22, 23, 37, 40), 'latitude': 41.7711807601154, 'longitude': -88.1152375414968}, {'timestamp': datetime.datetime(2025, 4, 22, 23, 37, 42), 'latitude': 41.7711807601154, 'longitude': -88.1152375414968}, {'timestamp': datetime.datetime(2025, 4, 22, 23, 37, 42), 'latitude': 41.7711807601154, 'longitude': -88.1152375414968}, {'timestamp': datetime.datetime(2025, 4, 22, 23, 37, 44), 'latitude': 41.7711807601154, 'longitude': -88.1152375414968}, {'timestamp': datetime.datetime(2025, 4, 22, 23, 37, 44), 'latitude': 41.7711807601154, 'longitude': -88.1152375414968}, {'timestamp': datetime.datetime(2025, 4, 22, 23, 37, 46), 'latitude': 41.7711807601154, 'longitude': -88.1152375414968}, {'timestamp': datetime.datetime(2025, 4, 22, 23, 37, 47), 'latitude': 41.7711807601154, 'longitude': -88.1152375414968}]"
input_videos\GRMN0982.MP4,output_clips\GRMN0982_clip_001.mp4,1,10.021333,False,"[{'timestamp': datetime.datetime(2025, 4, 22, 23, 37, 48), 'latitude': 41.7711807601154, 'longitude': -88.1152375414968}, {'timestamp': datetime.datetime(2025, 4, 22, 23, 37, 49), 'latitude': 41.7711807601154, 'longitude': -88.1152375414968}, {'timestamp': datetime.datetime(2025, 4, 22, 23, 37, 50), 'latitude': 41.7711807601154, 'longitude': -88.1152375414968}, {'timestamp': datetime.datetime(2025, 4, 22, 23, 37, 51), 'latitude': 41.7711807601154, 'longitude': -88.1152375414968}, {'timestamp': datetime.datetime(2025, 4, 22, 23, 37, 52), 'latitude': 41.7711807601154, 'longitude': -88.1152375414968}, {'timestamp': datetime.datetime(2025, 4, 22, 23, 37, 53), 'latitude': 41.7711807601154, 'longitude': -88.1152375414968}, {'timestamp': datetime.datetime(2025, 4, 22, 23, 37, 54), 'latitude': 41.7711807601154, 'longitude': -88.1152375414968}, {'timestamp': datetime.datetime(2025, 4, 22, 23, 37, 55), 'latitude': 41.7711807601154, 'longitude': -88.1152375414968}, {'timestamp': datetime.datetime(2025, 4, 22, 23, 37, 56), 'latitude': 41.7711807601154, 'longitude': -88.1152375414968}, {'timestamp': datetime.datetime(2025, 4, 22, 23, 37, 57), 'latitude': 41.7711807601154, 'longitude': -88.1152375414968}]"
input_videos\GRMN0982.MP4,output_clips\GRMN0982_clip_002.mp4,2,10.017333,False,"[{'timestamp': datetime.datetime(2025, 4, 22, 23, 37, 58), 'latitude': 41.7711807601154, 'longitude': -88.1152375414968}, {'timestamp': datetime.datetime(2025, 4, 22, 23, 37, 59), 'latitude': 41.7711807601154, 'longitude': -88.1152375414968}, {'timestamp': datetime.datetime(2025, 4, 22, 23, 38), 'latitude': 41.7711807601154, 'longitude': -88.1152375414968}, {'timestamp': datetime.datetime(2025, 4, 22, 23, 38, 1), 'latitude': 41.7711807601154, 'longitude': -88.1152375414968}, {'timestamp': datetime.datetime(2025, 4, 22, 23, 38, 2), 'latitude': 41.7711807601154, 'longitude': -88.1152375414968}, {'timestamp': datetime.datetime(2025, 4, 22, 23, 38, 3), 'latitude': 41.7711807601154, 'longitude': -88.1152375414968}, {'timestamp': datetime.datetime(2025, 4, 22, 23, 38, 4), 'latitude': 41.7711807601154, 'longitude': -88.1152375414968}, {'timestamp': datetime.datetime(2025, 4, 22, 23, 38, 5), 'latitude': 41.7711807601154, 'longitude': -88.1152375414968}, {'timestamp': datetime.datetime(2025, 4, 22, 23, 38, 6), 'latitude': 41.7711807601154, 'longitude': -88.1152375414968}, {'timestamp': datetime.datetime(2025, 4, 22, 23, 38, 7), 'latitude': 41.7711807601154, 'longitude': -88.1152375414968}]"
input_videos\GRMN0982.MP4,output_clips\GRMN0982_clip_003.mp4,3,10.012333,False,"[{'timestamp': datetime.datetime(2025, 4, 22, 23, 38, 8), 'latitude': 41.7711807601154, 'longitude': -88.1152375414968}, {'timestamp': datetime.datetime(2025, 4, 22, 23, 38, 9), 'latitude': 41.7711807601154, 'longitude': -88.1152375414968}, {'timestamp': datetime.datetime(2025, 4, 22, 23, 38, 10), 'latitude': 41.7711807601154, 'longitude': -88.1152375414968}, {'timestamp': datetime.datetime(2025, 4, 22, 23, 38, 11), 'latitude': 41.7711807601154, 'longitude': -88.1152375414968}, {'timestamp': datetime.datetime(2025, 4, 22, 23, 38, 12), 'latitude': 41.7711807601154, 'longitude': -88.1152375414968}, {'timestamp': datetime.datetime(2025, 4, 22, 23, 38, 13), 'latitude': 41.7711807601154, 'longitude': -88.1152375414968}, {'timestamp': datetime.datetime(2025, 4, 22, 23, 38, 14), 'latitude': 41.7711807601154, 'longitude': -88.1152375414968}, {'timestamp': datetime.datetime(2025, 4, 22, 23, 38, 15), 'latitude': 41.7711807601154, 'longitude': -88.1152375414968}, {'timestamp': datetime.datetime(2025, 4, 22, 23, 38, 16), 'latitude': 41.7711807601154, 'longitude': -88.1152375414968}, {'timestamp': datetime.datetime(2025, 4, 22, 23, 38, 17), 'latitude': 41.7711807601154, 'longitude': -88.1152375414968}]"
input_videos\GRMN0982.MP4,output_clips\GRMN0982_clip_004.mp4,4,10.028667,False,"[{'timestamp': datetime.datetime(2025, 4, 22, 23, 38, 18), 'latitude': 41.7711807601154, 'longitude': -88.1152375414968}, {'timestamp': datetime.datetime(2025, 4, 22, 23, 38, 19), 'latitude': 41.7711807601154, 'longitude': -88.1152375414968}, {'timestamp': datetime.datetime(2025, 4, 22, 23, 38, 20), 'latitude': 41.7711807601154, 'longitude': -88.1152375414968}, {'timestamp': datetime.datetime(2025, 4, 22, 23, 38, 21), 'latitude': 41.7711807601154, 'longitude': -88.1152375414968}, {'timestamp': datetime.datetime(2025, 4, 22, 23, 38, 22), 'latitude': 41.7711807601154, 'longitude': -88.1152375414968}, {'timestamp': datetime.datetime(2025, 4, 22, 23, 38, 23), 'latitude': 41.7711807601154, 'longitude': -88.1152375414968}, {'timestamp': datetime.datetime(2025, 4, 22, 23, 38, 24), 'latitude': 41.7711807601154, 'longitude': -88.1152375414968}, {'timestamp': datetime.datetime(2025, 4, 22, 23, 38, 25), 'latitude': 41.7711807601154, 'longitude': -88.1152375414968}, {'timestamp': datetime.datetime(2025, 4, 22, 23, 38, 26), 'latitude': 41.7711807601154, 'longitude': -88.1152375414968}, {'timestamp': datetime.datetime(2025, 4, 22, 23, 38, 27), 'latitude': 41.7711807601154, 'longitude': -88.1152375414968}]"
input_videos\GRMN0982.MP4,output_clips\GRMN0982_clip_005.mp4,5,10.01,False,"[{'timestamp': datetime.datetime(2025, 4, 22, 23, 38, 28), 'latitude': 41.7711807601154, 'longitude': -88.1152375414968}, {'timestamp': datetime.datetime(2025, 4, 22, 23, 38, 29), 'latitude': 41.7711807601154, 'longitude': -88.1152375414968}, {'timestamp': datetime.datetime(2025, 4, 22, 23, 38, 30), 'latitude': 41.7711807601154, 'longitude': -88.1152375414968}, {'timestamp': datetime.datetime(2025, 4, 22, 23, 38, 31), 'latitude': 41.7711807601154, 'longitude': -88.1152375414968}, {'timestamp': datetime.datetime(2025, 4, 22, 23, 38, 32), 'latitude': 41.7711807601154, 'longitude': -88.1152375414968}, {'timestamp': datetime.datetime(2025, 4, 22, 23, 38, 33), 'latitude': 41.7711807601154, 'longitude': -88.1152375414968}, {'timestamp': datetime.datetime(2025, 4, 22, 23, 38, 34), 'latitude': 41.7711807601154, 'longitude': -88.1152375414968}, {'timestamp': datetime.datetime(2025, 4, 22, 23, 38, 35), 'latitude': 41.7711807601154, 'longitude': -88.1152375414968}, {'timestamp': datetime.datetime(2025, 4, 22, 23, 38, 36), 'latitude': 41.7711807601154, 'longitude': -88.1152375414968}, {'timestamp': datetime.datetime(2025, 4, 22, 23, 38, 37), 'latitude': 41.7711807601154, 'longitude': -88.1152375414968}]"
input_videos\GRMN0984.MP4,output_clips\GRMN0984_clip_000.mp4,0,10.026667,False,"[{'timestamp': datetime.datetime(2025, 4, 22, 23, 39, 44), 'latitude': 41.7711807601154, 'longitude': -88.1152375414968}, {'timestamp': datetime.datetime(2025, 4, 22, 23, 39, 46), 'latitude': 41.7711807601154, 'longitude': -88.1152375414968}, {'timestamp': datetime.datetime(2025, 4, 22, 23, 39, 47), 'latitude': 41.7711807601154, 'longitude': -88.1152375414968}, {'timestamp': datetime.datetime(2025, 4, 22, 23, 39, 48), 'latitude': 41.7711807601154, 'longitude': -88.1152375414968}, {'timestamp': datetime.datetime(2025, 4, 22, 23, 39, 49), 'latitude': 41.7711807601154, 'longitude': -88.1152375414968}, {'timestamp': datetime.datetime(2025, 4, 22, 23, 39, 50), 'latitude': 41.7711807601154, 'longitude': -88.1152375414968}, {'timestamp': datetime.datetime(2025, 4, 22, 23, 39, 51), 'latitude': 41.7711807601154, 'longitude': -88.1152375414968}, {'timestamp': datetime.datetime(2025, 4, 22, 23, 39, 52), 'latitude': 41.7711807601154, 'longitude': -88.1152375414968}, {'timestamp': datetime.datetime(2025, 4, 22, 23, 39, 53), 'latitude': 41.7711807601154, 'longitude': -88.1152375414968}]"
input_videos\GRMN0984.MP4,output_clips\GRMN0984_clip_001.mp4,1,10.021333,False,"[{'timestamp': datetime.datetime(2025, 4, 22, 23, 39, 54), 'latitude': 41.7711807601154, 'longitude': -88.1152375414968}, {'timestamp': datetime.datetime(2025, 4, 22, 23, 39, 55), 'latitude': 41.7711807601154, 'longitude': -88.1152375414968}, {'timestamp': datetime.datetime(2025, 4, 22, 23, 39, 56), 'latitude': 41.7711807601154, 'longitude': -88.1152375414968}, {'timestamp': datetime.datetime(2025, 4, 22, 23, 39, 57), 'latitude': 41.7711807601154, 'longitude': -88.1152375414968}, {'timestamp': datetime.datetime(2025, 4, 22, 23, 39, 58), 'latitude': 41.7711807601154, 'longitude': -88.1152375414968}, {'timestamp': datetime.datetime(2025, 4, 22, 23, 39, 59), 'latitude': 41.7711807601154, 'longitude': -88.1152375414968}, {'timestamp': datetime.datetime(2025, 4, 22, 23, 40), 'latitude': 41.7711807601154, 'longitude': -88.1152375414968}, {'timestamp': datetime.datetime(2025, 4, 22, 23, 40, 1), 'latitude': 41.7711807601154, 'longitude': -88.1152375414968}, {'timestamp': datetime.datetime(2025, 4, 22, 23, 40, 2), 'latitude': 41.7711807601154, 'longitude': -88.1152375414968}, {'timestamp': datetime.datetime(2025, 4, 22, 23, 40, 3), 'latitude': 41.7711807601154, 'longitude': -88.1152375414968}]"
input_videos\GRMN0984.MP4,output_clips\GRMN0984_clip_002.mp4,2,10.017333,False,"[{'timestamp': datetime.datetime(2025, 4, 22, 23, 40, 4), 'latitude': 41.7711807601154, 'longitude': -88.1152375414968}, {'timestamp': datetime.datetime(2025, 4, 22, 23, 40, 5), 'latitude': 41.7711807601154, 'longitude': -88.1152375414968}, {'timestamp': datetime.datetime(2025, 4, 22, 23, 40, 6), 'latitude': 41.7711807601154, 'longitude': -88.1152375414968}, {'timestamp': datetime.datetime(2025, 4, 22, 23, 40, 7), 'latitude': 41.7711807601154, 'longitude': -88.1152375414968}, {'timestamp': datetime.datetime(2025, 4, 22, 23, 40, 8), 'latitude': 41.7711807601154, 'longitude': -88.1152375414968}, {'timestamp': datetime.datetime(2025, 4, 22, 23, 40, 9), 'latitude': 41.7711807601154, 'longitude': -88.1152375414968}, {'timestamp': datetime.datetime(2025, 4, 22, 23, 40, 10), 'latitude': 41.7711807601154, 'longitude': -88.1152375414968}, {'timestamp': datetime.datetime(2025, 4, 22, 23, 40, 11), 'latitude': 41.7711807601154, 'longitude': -88.1152375414968}, {'timestamp': datetime.datetime(2025, 4, 22, 23, 40, 12), 'latitude': 41.7711807601154, 'longitude': -88.1152375414968}, {'timestamp': datetime.datetime(2025, 4, 22, 23, 40, 13), 'latitude': 41.7711807601154, 'longitude': -88.1152375414968}]"
input_videos\GRMN0984.MP4,output_clips\GRMN0984_clip_003.mp4,3,10.012333,False,"[{'timestamp': datetime.datetime(2025, 4, 22, 23, 40, 14), 'latitude': 41.7711807601154, 'longitude': -88.1152375414968}, {'timestamp': datetime.datetime(2025, 4, 22, 23, 40, 15), 'latitude': 41.7711807601154, 'longitude': -88.1152375414968}, {'timestamp': datetime.datetime(2025, 4, 22, 23, 40, 16), 'latitude': 41.7711807601154, 'longitude': -88.1152375414968}, {'timestamp': datetime.datetime(2025, 4, 22, 23, 40, 17), 'latitude': 41.7711807601154, 'longitude': -88.1152375414968}, {'timestamp': datetime.datetime(2025, 4, 22, 23, 40, 18), 'latitude': 41.7711807601154, 'longitude': -88.1152375414968}, {'timestamp': datetime.datetime(2025, 4, 22, 23, 40, 19), 'latitude': 41.7711807601154, 'longitude': -88.1152375414968}, {'timestamp': datetime.datetime(2025, 4, 22, 23, 40, 20), 'latitude': 41.7711807601154, 'longitude': -88.1152375414968}, {'timestamp': datetime.datetime(2025, 4, 22, 23, 40, 21), 'latitude': 41.7711807601154, 'longitude': -88.1152375414968}, {'timestamp': datetime.datetime(2025, 4, 22, 23, 40, 22), 'latitude': 41.7711807601154, 'longitude': -88.1152375414968}, {'timestamp': datetime.datetime(2025, 4, 22, 23, 40, 23), 'latitude': 41.7711807601154, 'longitude': -88.1152375414968}]"
input_videos\GRMN0984.MP4,output_clips\GRMN0984_clip_004.mp4,4,10.028667,False,"[{'timestamp': datetime.datetime(2025, 4, 22, 23, 40, 24), 'latitude': 41.7711807601154, 'longitude': -88.1152375414968}, {'timestamp': datetime.datetime(2025, 4, 22, 23, 40, 25), 'latitude': 41.7711807601154, 'longitude': -88.1152375414968}, {'timestamp': datetime.datetime(2025, 4, 22, 23, 40, 26), 'latitude': 41.7711807601154, 'longitude': -88.1152375414968}, {'timestamp': datetime.datetime(2025, 4, 22, 23, 40, 27), 'latitude': 41.7711807601154, 'longitude': -88.1152375414968}, {'timestamp': datetime.datetime(2025, 4, 22, 23, 40, 28), 'latitude': 41.7711807601154, 'longitude': -88.1152375414968}, {'timestamp': datetime.datetime(2025, 4, 22, 23, 40, 29), 'latitude': 41.7711807601154, 'longitude': -88.1152375414968}, {'timestamp': datetime.datetime(2025, 4, 22, 23, 40, 30), 'latitude': 41.7711807601154, 'longitude': -88.1152375414968}, {'timestamp': datetime.datetime(2025, 4, 22, 23, 40, 31), 'latitude': 41.7711807601154, 'longitude': -88.1152375414968}, {'timestamp': datetime.datetime(2025, 4, 22, 23, 40, 32), 'latitude': 41.7711807601154, 'longitude': -88.1152375414968}, {'timestamp': datetime.datetime(2025, 4, 22, 23, 40, 33), 'latitude': 41.7711807601154, 'longitude': -88.1152375414968}]"
input_videos\GRMN0984.MP4,output_clips\GRMN0984_clip_005.mp4,5,10.01,False,"[{'timestamp': datetime.datetime(2025, 4, 22, 23, 40, 34), 'latitude': 41.7711807601154, 'longitude': -88.1152375414968}, {'timestamp': datetime.datetime(2025, 4, 22, 23, 40, 35), 'latitude': 41.7711807601154, 'longitude': -88.1152375414968}, {'timestamp': datetime.datetime(2025, 4, 22, 23, 40, 36), 'latitude': 41.7711807601154, 'longitude': -88.1152375414968}, {'timestamp': datetime.datetime(2025, 4, 22, 23, 40, 37), 'latitude': 41.7711807601154, 'longitude': -88.1152375414968}, {'timestamp': datetime.datetime(2025, 4, 22, 23, 40, 38), 'latitude': 41.7711807601154, 'longitude': -88.1152375414968}, {'timestamp': datetime.datetime(2025, 4, 22, 23, 40, 39), 'latitude': 41.7711807601154, 'longitude': -88.1152375414968}, {'timestamp': datetime.datetime(2025, 4, 22, 23, 40, 40), 'latitude': 41.7711807601154, 'longitude': -88.1152375414968}, {'timestamp': datetime.datetime(2025, 4, 22, 23, 40, 41), 'latitude': 41.7711807601154, 'longitude': -88.1152375414968}, {'timestamp': datetime.datetime(2025, 4, 22, 23, 40, 42), 'latitude': 41.7711807601154, 'longitude': -88.1152375414968}, {'timestamp': datetime.datetime(2025, 4, 22, 23, 40, 43), 'latitude': 41.7711807601154, 'longitude': -88.1152375414968}]"
input_videos\GRMN0985.MP4,output_clips\GRMN0985_clip_000.mp4,0,10.019333,False,"[{'timestamp': datetime.datetime(2025, 4, 22, 23, 40, 46), 'latitude': 41.7711807601154, 'longitude': -88.1152375414968}, {'timestamp': datetime.datetime(2025, 4, 22, 23, 40, 47), 'latitude': 41.7711807601154, 'longitude': -88.1152375414968}, {'timestamp': datetime.datetime(2025, 4, 22, 23, 40, 48), 'latitude': 41.7711807601154, 'longitude': -88.1152375414968}, {'timestamp': datetime.datetime(2025, 4, 22, 23, 40, 49), 'latitude': 41.7711807601154, 'longitude': -88.1152375414968}, {'timestamp': datetime.datetime(2025, 4, 22, 23, 40, 50), 'latitude': 41.7711807601154, 'longitude': -88.1152375414968}, {'timestamp': datetime.datetime(2025, 4, 22, 23, 40, 51), 'latitude': 41.7711807601154, 'longitude': -88.1152375414968}, {'timestamp': datetime.datetime(2025, 4, 22, 23, 40, 52), 'latitude': 41.7711807601154, 'longitude': -88.1152375414968}, {'timestamp': datetime.datetime(2025, 4, 22, 23, 40, 53), 'latitude': 41.7711807601154, 'longitude': -88.1152375414968}, {'timestamp': datetime.datetime(2025, 4, 22, 23, 40, 54), 'latitude': 41.7711807601154, 'longitude': -88.1152375414968}, {'timestamp': datetime.datetime(2025, 4, 22, 23, 40, 55), 'latitude': 41.7711807601154, 'longitude': -88.1152375414968}]"
input_videos\GRMN0985.MP4,output_clips\GRMN0985_clip_001.mp4,1,10.015333,False,"[{'timestamp': datetime.datetime(2025, 4, 22, 23, 40, 56), 'latitude': 41.7711807601154, 'longitude': -88.1152375414968}, {'timestamp': datetime.datetime(2025, 4, 22, 23, 40, 57), 'latitude': 41.7711807601154, 'longitude': -88.1152375414968}, {'timestamp': datetime.datetime(2025, 4, 22, 23, 40, 58), 'latitude': 41.7711807601154, 'longitude': -88.1152375414968}, {'timestamp': datetime.datetime(2025, 4, 22, 23, 40, 59), 'latitude': 41.7711807601154, 'longitude': -88.1152375414968}, {'timestamp': datetime.datetime(2025, 4, 22, 23, 41), 'latitude': 41.7711807601154, 'longitude': -88.1152375414968}, {'timestamp': datetime.datetime(2025, 4, 22, 23, 41, 1), 'latitude': 41.7711807601154, 'longitude': -88.1152375414968}, {'timestamp': datetime.datetime(2025, 4, 22, 23, 41, 2), 'latitude': 41.7711807601154, 'longitude': -88.1152375414968}, {'timestamp': datetime.datetime(2025, 4, 22, 23, 41, 3), 'latitude': 41.7711807601154, 'longitude': -88.1152375414968}, {'timestamp': datetime.datetime(2025, 4, 22, 23, 41, 4), 'latitude': 41.7711807601154, 'longitude': -88.1152375414968}, {'timestamp': datetime.datetime(2025, 4, 22, 23, 41, 5), 'latitude': 41.7711807601154, 'longitude': -88.1152375414968}]"
input_videos\GRMN0985.MP4,output_clips\GRMN0985_clip_002.mp4,2,10.010333,False,"[{'timestamp': datetime.datetime(2025, 4, 22, 23, 41, 6), 'latitude': 41.7711807601154, 'longitude': -88.1152375414968}, {'timestamp': datetime.datetime(2025, 4, 22, 23, 41, 7), 'latitude': 41.7711807601154, 'longitude': -88.1152375414968}, {'timestamp': datetime.datetime(2025, 4, 22, 23, 41, 8), 'latitude': 41.7711807601154, 'longitude': -88.1152375414968}, {'timestamp': datetime.datetime(2025, 4, 22, 23, 41, 9), 'latitude': 41.7711807601154, 'longitude': -88.1152375414968}, {'timestamp': datetime.datetime(2025, 4, 22, 23, 41, 10), 'latitude': 41.7711807601154, 'longitude': -88.1152375414968}, {'timestamp': datetime.datetime(2025, 4, 22, 23, 41, 11), 'latitude': 41.7711807601154, 'longitude': -88.1152375414968}, {'timestamp': datetime.datetime(2025, 4, 22, 23, 41, 12), 'latitude': 41.7711807601154, 'longitude': -88.1152375414968}, {'timestamp': datetime.datetime(2025, 4, 22, 23, 41, 13), 'latitude': 41.7711807601154, 'longitude': -88.1152375414968}, {'timestamp': datetime.datetime(2025, 4, 22, 23, 41, 14), 'latitude': 41.7711807601154, 'longitude': -88.1152375414968}, {'timestamp': datetime.datetime(2025, 4, 22, 23, 41, 15), 'latitude': 41.7711807601154, 'longitude': -88.1152375414968}]"
input_videos\GRMN0985.MP4,output_clips\GRMN0985_clip_003.mp4,3,10.026667,False,"[{'timestamp': datetime.datetime(2025, 4, 22, 23, 41, 16), 'latitude': 41.7711807601154, 'longitude': -88.1152375414968}, {'timestamp': datetime.datetime(2025, 4, 22, 23, 41, 17), 'latitude': 41.7711807601154, 'longitude': -88.1152375414968}, {'timestamp': datetime.datetime(2025, 4, 22, 23, 41, 18), 'latitude': 41.7711807601154, 'longitude': -88.1152375414968}, {'timestamp': datetime.datetime(2025, 4, 22, 23, 41, 19), 'latitude': 41.7711807601154, 'longitude': -88.1152375414968}, {'timestamp': datetime.datetime(2025, 4, 22, 23, 41, 20), 'latitude': 41.7711807601154, 'longitude': -88.1152375414968}, {'timestamp': datetime.datetime(2025, 4, 22, 23, 41, 21), 'latitude': 41.7711807601154, 'longitude': -88.1152375414968}, {'timestamp': datetime.datetime(2025, 4, 22, 23, 41, 22), 'latitude': 41.7711807601154, 'longitude': -88.1152375414968}, {'timestamp': datetime.datetime(2025, 4, 22, 23, 41, 23), 'latitude': 41.7711807601154, 'longitude': -88.1152375414968}, {'timestamp': datetime.datetime(2025, 4, 22, 23, 41, 24), 'latitude': 41.7711807601154, 'longitude': -88.1152375414968}, {'timestamp': datetime.datetime(2025, 4, 22, 23, 41, 25), 'latitude': 41.7711807601154, 'longitude': -88.1152375414968}]"
input_videos\GRMN0985.MP4,output_clips\GRMN0985_clip_004.mp4,4,10.022333,False,"[{'timestamp': datetime.datetime(2025, 4, 22, 23, 41, 26), 'latitude': 41.7711807601154, 'longitude': -88.1152375414968}, {'timestamp': datetime.datetime(2025, 4, 22, 23, 41, 27), 'latitude': 41.7711807601154, 'longitude': -88.1152375414968}, {'timestamp': datetime.datetime(2025, 4, 22, 23, 41, 28), 'latitude': 41.7711807601154, 'longitude': -88.1152375414968}, {'timestamp': datetime.datetime(2025, 4, 22, 23, 41, 29), 'latitude': 41.7711807601154, 'longitude': -88.1152375414968}, {'timestamp': datetime.datetime(2025, 4, 22, 23, 41, 30), 'latitude': 41.7711807601154, 'longitude': -88.1152375414968}, {'timestamp': datetime.datetime(2025, 4, 22, 23, 41, 31), 'latitude': 41.7711807601154, 'longitude': -88.1152375414968}, {'timestamp': datetime.datetime(2025, 4, 22, 23, 41, 32), 'latitude': 41.7711807601154, 'longitude': -88.1152375414968}, {'timestamp': datetime.datetime(2025, 4, 22, 23, 41, 33), 'latitude': 41.7711807601154, 'longitude': -88.1152375414968}, {'timestamp': datetime.datetime(2025, 4, 22, 23, 41, 34), 'latitude': 41.7711807601154, 'longitude': -88.1152375414968}, {'timestamp': datetime.datetime(2025, 4, 22, 23, 41, 35), 'latitude': 41.7711807601154, 'longitude': -88.1152375414968}]"
input_videos\GRMN0985.MP4,output_clips\GRMN0985_clip_005.mp4,5,10.01,False,"[{'timestamp': datetime.datetime(2025, 4, 22, 23, 41, 36), 'latitude': 41.7711807601154, 'longitude': -88.1152375414968}, {'timestamp': datetime.datetime(2025, 4, 22, 23, 41, 37), 'latitude': 41.7711807601154, 'longitude': -88.1152375414968}, {'timestamp': datetime.datetime(2025, 4, 22, 23, 41, 38), 'latitude': 41.7711807601154, 'longitude': -88.1152375414968}, {'timestamp': datetime.datetime(2025, 4, 22, 23, 41, 39), 'latitude': 41.7711807601154, 'longitude': -88.1152375414968}, {'timestamp': datetime.datetime(2025, 4, 22, 23, 41, 40), 'latitude': 41.7711807601154, 'longitude': -88.1152375414968}, {'timestamp': datetime.datetime(2025, 4, 22, 23, 41, 41), 'latitude': 41.7711807601154, 'longitude': -88.1152375414968}, {'timestamp': datetime.datetime(2025, 4, 22, 23, 41, 42), 'latitude': 41.7711807601154, 'longitude': -88.1152375414968}, {'timestamp': datetime.datetime(2025, 4, 22, 23, 41, 43), 'latitude': 41.7711807601154, 'longitude': -88.1152375414968}, {'timestamp': datetime.datetime(2025, 4, 22, 23, 41, 44), 'latitude': 41.7711807601154, 'longitude': -88.1152375414968}, {'timestamp': datetime.datetime(2025, 4, 22, 23, 41, 44), 'latitude': 41.7711807601154, 'longitude': -88.1152375414968}]"
input_videos\GRMN0986.MP4,output_clips\GRMN0986_clip_000.mp4,0,10.013333,False,"[{'timestamp': datetime.datetime(2025, 4, 22, 23, 41, 46), 'latitude': 41.7711807601154, 'longitude': -88.1152375414968}, {'timestamp': datetime.datetime(2025, 4, 22, 23, 41, 47), 'latitude': 41.7711807601154, 'longitude': -88.1152375414968}, {'timestamp': datetime.datetime(2025, 4, 22, 23, 41, 48), 'latitude': 41.7711807601154, 'longitude': -88.1152375414968}, {'timestamp': datetime.datetime(2025, 4, 22, 23, 41, 49), 'latitude': 41.7711807601154, 'longitude': -88.1152375414968}, {'timestamp': datetime.datetime(2025, 4, 22, 23, 41, 50), 'latitude': 41.7711807601154, 'longitude': -88.1152375414968}, {'timestamp': datetime.datetime(2025, 4, 22, 23, 41, 51), 'latitude': 41.7711807601154, 'longitude': -88.1152375414968}, {'timestamp': datetime.datetime(2025, 4, 22, 23, 41, 52), 'latitude': 41.7711807601154, 'longitude': -88.1152375414968}, {'timestamp': datetime.datetime(2025, 4, 22, 23, 41, 53), 'latitude': 41.7711807601154, 'longitude': -88.1152375414968}, {'timestamp': datetime.datetime(2025, 4, 22, 23, 41, 54), 'latitude': 41.7711807601154, 'longitude': -88.1152375414968}, {'timestamp': datetime.datetime(2025, 4, 22, 23, 41, 55), 'latitude': 41.7711807601154, 'longitude': -88.1152375414968}]"
input_videos\GRMN0986.MP4,output_clips\GRMN0986_clip_001.mp4,1,10.029667,False,"[{'timestamp': datetime.datetime(2025, 4, 22, 23, 41, 56), 'latitude': 41.7711807601154, 'longitude': -88.1152375414968}, {'timestamp': datetime.datetime(2025, 4, 22, 23, 41, 57), 'latitude': 41.7711807601154, 'longitude': -88.1152375414968}, {'timestamp': datetime.datetime(2025, 4, 22, 23, 41, 58), 'latitude': 41.7711807601154, 'longitude': -88.1152375414968}, {'timestamp': datetime.datetime(2025, 4, 22, 23, 41, 59), 'latitude': 41.7711807601154, 'longitude': -88.1152375414968}, {'timestamp': datetime.datetime(2025, 4, 22, 23, 42), 'latitude': 41.7711807601154, 'longitude': -88.1152375414968}, {'timestamp': datetime.datetime(2025, 4, 22, 23, 42, 1), 'latitude': 41.7711807601154, 'longitude': -88.1152375414968}, {'timestamp': datetime.datetime(2025, 4, 22, 23, 42, 2), 'latitude': 41.7711807601154, 'longitude': -88.1152375414968}, {'timestamp': datetime.datetime(2025, 4, 22, 23, 42, 3), 'latitude': 41.7711807601154, 'longitude': -88.1152375414968}, {'timestamp': datetime.datetime(2025, 4, 22, 23, 42, 4), 'latitude': 41.7711807601154, 'longitude': -88.1152375414968}, {'timestamp': datetime.datetime(2025, 4, 22, 23, 42, 5), 'latitude': 41.7711807601154, 'longitude': -88.1152375414968}]"
input_videos\GRMN0986.MP4,output_clips\GRMN0986_clip_002.mp4,2,10.025333,False,"[{'timestamp': datetime.datetime(2025, 4, 22, 23, 42, 6), 'latitude': 41.7711807601154, 'longitude': -88.1152375414968}, {'timestamp': datetime.datetime(2025, 4, 22, 23, 42, 7), 'latitude': 41.7711807601154, 'longitude': -88.1152375414968}, {'timestamp': datetime.datetime(2025, 4, 22, 23, 42, 8), 'latitude': 41.7711807601154, 'longitude': -88.1152375414968}, {'timestamp': datetime.datetime(2025, 4, 22, 23, 42, 9), 'latitude': 41.7711807601154, 'longitude': -88.1152375414968}, {'timestamp': datetime.datetime(2025, 4, 22, 23, 42, 10), 'latitude': 41.7711807601154, 'longitude': -88.1152375414968}, {'timestamp': datetime.datetime(2025, 4, 22, 23, 42, 11), 'latitude': 41.7711807601154, 'longitude': -88.1152375414968}, {'timestamp': datetime.datetime(2025, 4, 22, 23, 42, 12), 'latitude': 41.7711807601154, 'longitude': -88.1152375414968}, {'timestamp': datetime.datetime(2025, 4, 22, 23, 42, 13), 'latitude': 41.7711807601154, 'longitude': -88.1152375414968}, {'timestamp': datetime.datetime(2025, 4, 22, 23, 42, 14), 'latitude': 41.7711807601154, 'longitude': -88.1152375414968}, {'timestamp': datetime.datetime(2025, 4, 22, 23, 42, 15), 'latitude': 41.7711807601154, 'longitude': -88.1152375414968}]"
input_videos\GRMN0986.MP4,output_clips\GRMN0986_clip_003.mp4,3,10.020333,False,"[{'timestamp': datetime.datetime(2025, 4, 22, 23, 42, 16), 'latitude': 41.7711807601154, 'longitude': -88.1152375414968}, {'timestamp': datetime.datetime(2025, 4, 22, 23, 42, 17), 'latitude': 41.7711807601154, 'longitude': -88.1152375414968}, {'timestamp': datetime.datetime(2025, 4, 22, 23, 42, 18), 'latitude': 41.7711807601154, 'longitude': -88.1152375414968}, {'timestamp': datetime.datetime(2025, 4, 22, 23, 42, 19), 'latitude': 41.7711807601154, 'longitude': -88.1152375414968}, {'timestamp': datetime.datetime(2025, 4, 22, 23, 42, 20), 'latitude': 41.7711807601154, 'longitude': -88.1152375414968}, {'timestamp': datetime.datetime(2025, 4, 22, 23, 42, 21), 'latitude': 41.7711807601154, 'longitude': -88.1152375414968}, {'timestamp': datetime.datetime(2025, 4, 22, 23, 42, 22), 'latitude': 41.7711807601154, 'longitude': -88.1152375414968}, {'timestamp': datetime.datetime(2025, 4, 22, 23, 42, 23), 'latitude': 41.7711807601154, 'longitude': -88.1152375414968}, {'timestamp': datetime.datetime(2025, 4, 22, 23, 42, 24), 'latitude': 41.7711807601154, 'longitude': -88.1152375414968}, {'timestamp': datetime.datetime(2025, 4, 22, 23, 42, 25), 'latitude': 41.7711807601154, 'longitude': -88.1152375414968}]"
input_videos\GRMN0986.MP4,output_clips\GRMN0986_clip_004.mp4,4,10.015333,False,"[{'timestamp': datetime.datetime(2025, 4, 22, 23, 42, 26), 'latitude': 41.7711807601154, 'longitude': -88.1152375414968}, {'timestamp': datetime.datetime(2025, 4, 22, 23, 42, 27), 'latitude': 41.7711807601154, 'longitude': -88.1152375414968}, {'timestamp': datetime.datetime(2025, 4, 22, 23, 42, 28), 'latitude': 41.7711807601154, 'longitude': -88.1152375414968}, {'timestamp': datetime.datetime(2025, 4, 22, 23, 42, 29), 'latitude': 41.7711807601154, 'longitude': -88.1152375414968}, {'timestamp': datetime.datetime(2025, 4, 22, 23, 42, 30), 'latitude': 41.7711807601154, 'longitude': -88.1152375414968}, {'timestamp': datetime.datetime(2025, 4, 22, 23, 42, 31), 'latitude': 41.7711807601154, 'longitude': -88.1152375414968}, {'timestamp': datetime.datetime(2025, 4, 22, 23, 42, 32), 'latitude': 41.7711807601154, 'longitude': -88.1152375414968}, {'timestamp': datetime.datetime(2025, 4, 22, 23, 42, 33), 'latitude': 41.7711807601154, 'longitude': -88.1152375414968}, {'timestamp': datetime.datetime(2025, 4, 22, 23, 42, 34), 'latitude': 41.7711807601154, 'longitude': -88.1152375414968}, {'timestamp': datetime.datetime(2025, 4, 22, 23, 42, 35), 'latitude': 41.7711807601154, 'longitude': -88.1152375414968}]"
input_videos\GRMN0986.MP4,output_clips\GRMN0986_clip_005.mp4,5,10.01,False,"[{'timestamp': datetime.datetime(2025, 4, 22, 23, 42, 36), 'latitude': 41.7711807601154, 'longitude': -88.1152375414968}, {'timestamp': datetime.datetime(2025, 4, 22, 23, 42, 37), 'latitude': 41.7711807601154, 'longitude': -88.1152375414968}, {'timestamp': datetime.datetime(2025, 4, 22, 23, 42, 38), 'latitude': 41.7711807601154, 'longitude': -88.1152375414968}, {'timestamp': datetime.datetime(2025, 4, 22, 23, 42, 39), 'latitude': 41.7711807601154, 'longitude': -88.1152375414968}, {'timestamp': datetime.datetime(2025, 4, 22, 23, 42, 40), 'latitude': 41.7711807601154, 'longitude': -88.1152375414968}, {'timestamp': datetime.datetime(2025, 4, 22, 23, 42, 41), 'latitude': 41.7711807601154, 'longitude': -88.1152375414968}, {'timestamp': datetime.datetime(2025, 4, 22, 23, 42, 42), 'latitude': 41.7711807601154, 'longitude': -88.1152375414968}, {'timestamp': datetime.datetime(2025, 4, 22, 23, 42, 43), 'latitude': 41.7711807601154, 'longitude': -88.1152375414968}, {'timestamp': datetime.datetime(2025, 4, 22, 23, 42, 44), 'latitude': 41.7711807601154, 'longitude': -88.1152375414968}, {'timestamp': datetime.datetime(2025, 4, 22, 23, 42, 44), 'latitude': 41.7711807601154, 'longitude': -88.1152375414968}]"
input_videos\GRMN0987.MP4,output_clips\GRMN0987_clip_000.mp4,0,10.027667,False,"[{'timestamp': datetime.datetime(2025, 4, 22, 23, 42, 46), 'latitude': 41.7711807601154, 'longitude': -88.1152375414968}, {'timestamp': datetime.datetime(2025, 4, 22, 23, 42, 47), 'latitude': 41.7711807601154, 'longitude': -88.1152375414968}, {'timestamp': datetime.datetime(2025, 4, 22, 23, 42, 48), 'latitude': 41.7711807601154, 'longitude': -88.1152375414968}, {'timestamp': datetime.datetime(2025, 4, 22, 23, 42, 49), 'latitude': 41.7711807601154, 'longitude': -88.1152375414968}, {'timestamp': datetime.datetime(2025, 4, 22, 23, 42, 50), 'latitude': 41.7711807601154, 'longitude': -88.1152375414968}, {'timestamp': datetime.datetime(2025, 4, 22, 23, 42, 51), 'latitude': 41.7711807601154, 'longitude': -88.1152375414968}, {'timestamp': datetime.datetime(2025, 4, 22, 23, 42, 52), 'latitude': 41.7711807601154, 'longitude': -88.1152375414968}, {'timestamp': datetime.datetime(2025, 4, 22, 23, 42, 53), 'latitude': 41.7711807601154, 'longitude': -88.1152375414968}, {'timestamp': datetime.datetime(2025, 4, 22, 23, 42, 54), 'latitude': 41.7711807601154, 'longitude': -88.1152375414968}, {'timestamp': datetime.datetime(2025, 4, 22, 23, 42, 55), 'latitude': 41.7711807601154, 'longitude': -88.1152375414968}]"
input_videos\GRMN0987.MP4,output_clips\GRMN0987_clip_001.mp4,1,10.023333,False,"[{'timestamp': datetime.datetime(2025, 4, 22, 23, 42, 56), 'latitude': 41.7711807601154, 'longitude': -88.1152375414968}, {'timestamp': datetime.datetime(2025, 4, 22, 23, 42, 57), 'latitude': 41.7711807601154, 'longitude': -88.1152375414968}, {'timestamp': datetime.datetime(2025, 4, 22, 23, 42, 58), 'latitude': 41.7711807601154, 'longitude': -88.1152375414968}, {'timestamp': datetime.datetime(2025, 4, 22, 23, 42, 59), 'latitude': 41.7711807601154, 'longitude': -88.1152375414968}, {'timestamp': datetime.datetime(2025, 4, 22, 23, 43), 'latitude': 41.7711807601154, 'longitude': -88.1152375414968}, {'timestamp': datetime.datetime(2025, 4, 22, 23, 43, 1), 'latitude': 41.7711807601154, 'longitude': -88.1152375414968}, {'timestamp': datetime.datetime(2025, 4, 22, 23, 43, 2), 'latitude': 41.7711807601154, 'longitude': -88.1152375414968}, {'timestamp': datetime.datetime(2025, 4, 22, 23, 43, 3), 'latitude': 41.7711807601154, 'longitude': -88.1152375414968}, {'timestamp': datetime.datetime(2025, 4, 22, 23, 43, 4), 'latitude': 41.7711807601154, 'longitude': -88.1152375414968}, {'timestamp': datetime.datetime(2025, 4, 22, 23, 43, 5), 'latitude': 41.7711807601154, 'longitude': -88.1152375414968}]"
input_videos\GRMN0987.MP4,output_clips\GRMN0987_clip_002.mp4,2,10.018333,False,"[{'timestamp': datetime.datetime(2025, 4, 22, 23, 43, 6), 'latitude': 41.7711807601154, 'longitude': -88.1152375414968}, {'timestamp': datetime.datetime(2025, 4, 22, 23, 43, 7), 'latitude': 41.7711807601154, 'longitude': -88.1152375414968}, {'timestamp': datetime.datetime(2025, 4, 22, 23, 43, 8), 'latitude': 41.7711807601154, 'longitude': -88.1152375414968}, {'timestamp': datetime.datetime(2025, 4, 22, 23, 43, 9), 'latitude': 41.7711807601154, 'longitude': -88.1152375414968}, {'timestamp': datetime.datetime(2025, 4, 22, 23, 43, 10), 'latitude': 41.7711807601154, 'longitude': -88.1152375414968}, {'timestamp': datetime.datetime(2025, 4, 22, 23, 43, 11), 'latitude': 41.7711807601154, 'longitude': -88.1152375414968}, {'timestamp': datetime.datetime(2025, 4, 22, 23, 43, 12), 'latitude': 41.7711807601154, 'longitude': -88.1152375414968}, {'timestamp': datetime.datetime(2025, 4, 22, 23, 43, 13), 'latitude': 41.7711807601154, 'longitude': -88.1152375414968}, {'timestamp': datetime.datetime(2025, 4, 22, 23, 43, 14), 'latitude': 41.7711807601154, 'longitude': -88.1152375414968}, {'timestamp': datetime.datetime(2025, 4, 22, 23, 43, 15), 'latitude': 41.7711807601154, 'longitude': -88.1152375414968}]"
input_videos\GRMN0987.MP4,output_clips\GRMN0987_clip_003.mp4,3,10.013333,False,"[{'timestamp': datetime.datetime(2025, 4, 22, 23, 43, 16), 'latitude': 41.7711807601154, 'longitude': -88.1152375414968}, {'timestamp': datetime.datetime(2025, 4, 22, 23, 43, 17), 'latitude': 41.7711807601154, 'longitude': -88.1152375414968}, {'timestamp': datetime.datetime(2025, 4, 22, 23, 43, 18), 'latitude': 41.7711807601154, 'longitude': -88.1152375414968}, {'timestamp': datetime.datetime(2025, 4, 22, 23, 43, 19), 'latitude': 41.7711807601154, 'longitude': -88.1152375414968}, {'timestamp': datetime.datetime(2025, 4, 22, 23, 43, 20), 'latitude': 41.7711807601154, 'longitude': -88.1152375414968}, {'timestamp': datetime.datetime(2025, 4, 22, 23, 43, 21), 'latitude': 41.7711807601154, 'longitude': -88.1152375414968}, {'timestamp': datetime.datetime(2025, 4, 22, 23, 43, 22), 'latitude': 41.7711807601154, 'longitude': -88.1152375414968}, {'timestamp': datetime.datetime(2025, 4, 22, 23, 43, 23), 'latitude': 41.7711807601154, 'longitude': -88.1152375414968}, {'timestamp': datetime.datetime(2025, 4, 22, 23, 43, 24), 'latitude': 41.7711807601154, 'longitude': -88.1152375414968}, {'timestamp': datetime.datetime(2025, 4, 22, 23, 43, 25), 'latitude': 41.7711807601154, 'longitude': -88.1152375414968}]"
input_videos\GRMN0987.MP4,output_clips\GRMN0987_clip_004.mp4,4,10.030667,False,"[{'timestamp': datetime.datetime(2025, 4, 22, 23, 43, 26), 'latitude': 41.7711807601154, 'longitude': -88.1152375414968}, {'timestamp': datetime.datetime(2025, 4, 22, 23, 43, 27), 'latitude': 41.7711807601154, 'longitude': -88.1152375414968}, {'timestamp': datetime.datetime(2025, 4, 22, 23, 43, 28), 'latitude': 41.7711807601154, 'longitude': -88.1152375414968}, {'timestamp': datetime.datetime(2025, 4, 22, 23, 43, 29), 'latitude': 41.7711807601154, 'longitude': -88.1152375414968}, {'timestamp': datetime.datetime(2025, 4, 22, 23, 43, 30), 'latitude': 41.7711807601154, 'longitude': -88.1152375414968}, {'timestamp': datetime.datetime(2025, 4, 22, 23, 43, 31), 'latitude': 41.7711807601154, 'longitude': -88.1152375414968}, {'timestamp': datetime.datetime(2025, 4, 22, 23, 43, 32), 'latitude': 41.7711807601154, 'longitude': -88.1152375414968}, {'timestamp': datetime.datetime(2025, 4, 22, 23, 43, 33), 'latitude': 41.7711807601154, 'longitude': -88.1152375414968}, {'timestamp': datetime.datetime(2025, 4, 22, 23, 43, 34), 'latitude': 41.7711807601154, 'longitude': -88.1152375414968}, {'timestamp': datetime.datetime(2025, 4, 22, 23, 43, 35), 'latitude': 41.7711807601154, 'longitude': -88.1152375414968}]"
input_videos\GRMN0987.MP4,output_clips\GRMN0987_clip_005.mp4,5,10.01,False,"[{'timestamp': datetime.datetime(2025, 4, 22, 23, 43, 36), 'latitude': 41.7711807601154, 'longitude': -88.1152375414968}, {'timestamp': datetime.datetime(2025, 4, 22, 23, 43, 37), 'latitude': 41.7711807601154, 'longitude': -88.1152375414968}, {'timestamp': datetime.datetime(2025, 4, 22, 23, 43, 38), 'latitude': 41.7711807601154, 'longitude': -88.1152375414968}, {'timestamp': datetime.datetime(2025, 4, 22, 23, 43, 39), 'latitude': 41.7711807601154, 'longitude': -88.1152375414968}, {'timestamp': datetime.datetime(2025, 4, 22, 23, 43, 40), 'latitude': 41.7711807601154, 'longitude': -88.1152375414968}, {'timestamp': datetime.datetime(2025, 4, 22, 23, 43, 41), 'latitude': 41.7711807601154, 'longitude': -88.1152375414968}, {'timestamp': datetime.datetime(2025, 4, 22, 23, 43, 42), 'latitude': 41.7711807601154, 'longitude': -88.1152375414968}, {'timestamp': datetime.datetime(2025, 4, 22, 23, 43, 43), 'latitude': 41.7711807601154, 'longitude': -88.1152375414968}, {'timestamp': datetime.datetime(2025, 4, 22, 23, 43, 44), 'latitude': 41.7711807601154, 'longitude': -88.1152375414968}, {'timestamp': datetime.datetime(2025, 4, 22, 23, 43, 44), 'latitude': 41.7711807601154, 'longitude': -88.1152375414968}]"
input_videos\GRMN0988.MP4,output_clips\GRMN0988_clip_000.mp4,0,10.021333,False,"[{'timestamp': datetime.datetime(2025, 4, 22, 23, 43, 46), 'latitude': 41.7711807601154, 'longitude': -88.1152375414968}, {'timestamp': datetime.datetime(2025, 4, 22, 23, 43, 47), 'latitude': 41.7711807601154, 'longitude': -88.1152375414968}, {'timestamp': datetime.datetime(2025, 4, 22, 23, 43, 48), 'latitude': 41.7711807601154, 'longitude': -88.1152375414968}, {'timestamp': datetime.datetime(2025, 4, 22, 23, 43, 49), 'latitude': 41.7711807601154, 'longitude': -88.1152375414968}, {'timestamp': datetime.datetime(2025, 4, 22, 23, 43, 50), 'latitude': 41.7711807601154, 'longitude': -88.1152375414968}, {'timestamp': datetime.datetime(2025, 4, 22, 23, 43, 51), 'latitude': 41.7711807601154, 'longitude': -88.1152375414968}, {'timestamp': datetime.datetime(2025, 4, 22, 23, 43, 52), 'latitude': 41.7711807601154, 'longitude': -88.1152375414968}, {'timestamp': datetime.datetime(2025, 4, 22, 23, 43, 53), 'latitude': 41.7711807601154, 'longitude': -88.1152375414968}, {'timestamp': datetime.datetime(2025, 4, 22, 23, 43, 54), 'latitude': 41.7711807601154, 'longitude': -88.1152375414968}, {'timestamp': datetime.datetime(2025, 4, 22, 23, 43, 55), 'latitude': 41.7711807601154, 'longitude': -88.1152375414968}]"
input_videos\GRMN0988.MP4,output_clips\GRMN0988_clip_001.mp4,1,10.016333,False,"[{'timestamp': datetime.datetime(2025, 4, 22, 23, 43, 56), 'latitude': 41.7711807601154, 'longitude': -88.1152375414968}, {'timestamp': datetime.datetime(2025, 4, 22, 23, 43, 57), 'latitude': 41.7711807601154, 'longitude': -88.1152375414968}, {'timestamp': datetime.datetime(2025, 4, 22, 23, 43, 58), 'latitude': 41.7711807601154, 'longitude': -88.1152375414968}, {'timestamp': datetime.datetime(2025, 4, 22, 23, 43, 59), 'latitude': 41.7711807601154, 'longitude': -88.1152375414968}, {'timestamp': datetime.datetime(2025, 4, 22, 23, 44), 'latitude': 41.7711807601154, 'longitude': -88.1152375414968}, {'timestamp': datetime.datetime(2025, 4, 22, 23, 44, 1), 'latitude': 41.7711807601154, 'longitude': -88.1152375414968}, {'timestamp': datetime.datetime(2025, 4, 22, 23, 44, 2), 'latitude': 41.7711807601154, 'longitude': -88.1152375414968}, {'timestamp': datetime.datetime(2025, 4, 22, 23, 44, 3), 'latitude': 41.7711807601154, 'longitude': -88.1152375414968}, {'timestamp': datetime.datetime(2025, 4, 22, 23, 44, 4), 'latitude': 41.7711807601154, 'longitude': -88.1152375414968}, {'timestamp': datetime.datetime(2025, 4, 22, 23, 44, 5), 'latitude': 41.7711807601154, 'longitude': -88.1152375414968}]"
input_videos\GRMN0988.MP4,output_clips\GRMN0988_clip_002.mp4,2,10.011333,False,"[{'timestamp': datetime.datetime(2025, 4, 22, 23, 44, 6), 'latitude': 41.7711807601154, 'longitude': -88.1152375414968}, {'timestamp': datetime.datetime(2025, 4, 22, 23, 44, 7), 'latitude': 41.7711807601154, 'longitude': -88.1152375414968}, {'timestamp': datetime.datetime(2025, 4, 22, 23, 44, 8), 'latitude': 41.7711807601154, 'longitude': -88.1152375414968}, {'timestamp': datetime.datetime(2025, 4, 22, 23, 44, 9), 'latitude': 41.7711807601154, 'longitude': -88.1152375414968}, {'timestamp': datetime.datetime(2025, 4, 22, 23, 44, 10), 'latitude': 41.7711807601154, 'longitude': -88.1152375414968}, {'timestamp': datetime.datetime(2025, 4, 22, 23, 44, 11), 'latitude': 41.7711807601154, 'longitude': -88.1152375414968}, {'timestamp': datetime.datetime(2025, 4, 22, 23, 44, 12), 'latitude': 41.7711807601154, 'longitude': -88.1152375414968}, {'timestamp': datetime.datetime(2025, 4, 22, 23, 44, 13), 'latitude': 41.7711807601154, 'longitude': -88.1152375414968}, {'timestamp': datetime.datetime(2025, 4, 22, 23, 44, 14), 'latitude': 41.7711807601154, 'longitude': -88.1152375414968}, {'timestamp': datetime.datetime(2025, 4, 22, 23, 44, 15), 'latitude': 41.7711807601154, 'longitude': -88.1152375414968}]"
input_videos\GRMN0988.MP4,output_clips\GRMN0988_clip_003.mp4,3,10.028667,False,"[{'timestamp': datetime.datetime(2025, 4, 22, 23, 44, 16), 'latitude': 41.7711807601154, 'longitude': -88.1152375414968}, {'timestamp': datetime.datetime(2025, 4, 22, 23, 44, 17), 'latitude': 41.7711807601154, 'longitude': -88.1152375414968}, {'timestamp': datetime.datetime(2025, 4, 22, 23, 44, 18), 'latitude': 41.7711807601154, 'longitude': -88.1152375414968}, {'timestamp': datetime.datetime(2025, 4, 22, 23, 44, 19), 'latitude': 41.7711807601154, 'longitude': -88.1152375414968}, {'timestamp': datetime.datetime(2025, 4, 22, 23, 44, 20), 'latitude': 41.7711807601154, 'longitude': -88.1152375414968}, {'timestamp': datetime.datetime(2025, 4, 22, 23, 44, 21), 'latitude': 41.7711807601154, 'longitude': -88.1152375414968}, {'timestamp': datetime.datetime(2025, 4, 22, 23, 44, 22), 'latitude': 41.7711807601154, 'longitude': -88.1152375414968}, {'timestamp': datetime.datetime(2025, 4, 22, 23, 44, 23), 'latitude': 41.7711807601154, 'longitude': -88.1152375414968}, {'timestamp': datetime.datetime(2025, 4, 22, 23, 44, 24), 'latitude': 41.7711807601154, 'longitude': -88.1152375414968}, {'timestamp': datetime.datetime(2025, 4, 22, 23, 44, 25), 'latitude': 41.7711807601154, 'longitude': -88.1152375414968}]"
input_videos\GRMN0988.MP4,output_clips\GRMN0988_clip_004.mp4,4,10.023333,False,"[{'timestamp': datetime.datetime(2025, 4, 22, 23, 44, 26), 'latitude': 41.7711807601154, 'longitude': -88.1152375414968}, {'timestamp': datetime.datetime(2025, 4, 22, 23, 44, 27), 'latitude': 41.7711807601154, 'longitude': -88.1152375414968}, {'timestamp': datetime.datetime(2025, 4, 22, 23, 44, 28), 'latitude': 41.7711807601154, 'longitude': -88.1152375414968}, {'timestamp': datetime.datetime(2025, 4, 22, 23, 44, 29), 'latitude': 41.7711807601154, 'longitude': -88.1152375414968}, {'timestamp': datetime.datetime(2025, 4, 22, 23, 44, 30), 'latitude': 41.7711807601154, 'longitude': -88.1152375414968}, {'timestamp': datetime.datetime(2025, 4, 22, 23, 44, 31), 'latitude': 41.7711807601154, 'longitude': -88.1152375414968}, {'timestamp': datetime.datetime(2025, 4, 22, 23, 44, 32), 'latitude': 41.7711807601154, 'longitude': -88.1152375414968}, {'timestamp': datetime.datetime(2025, 4, 22, 23, 44, 33), 'latitude': 41.7711807601154, 'longitude': -88.1152375414968}, {'timestamp': datetime.datetime(2025, 4, 22, 23, 44, 34), 'latitude': 41.7711807601154, 'longitude': -88.1152375414968}, {'timestamp': datetime.datetime(2025, 4, 22, 23, 44, 35), 'latitude': 41.7711807601154, 'longitude': -88.1152375414968}]"
